process,check,covered_by_G0,sensor,predicted_effect,predicted_below_0.90_on,known,reason
added ink: speck,required_field,no,ink added in the field vs the blank at level 128 (text_sensor=ink); fires below 0.345% of the zone,miss,A3,true,"The known failure. The ink sensor counts dark pixels, not characters: on the 415 x 38 px I-9 City field 0.345% is 54 px, a speck of about 1 mm at 200 dpi. A3: Stains, BadPhotoCopy and DirtyRollers specks on the emptied field read as filled. X2: the step 1 pencil dot (about 1 mm, pencil grey) is predicted too small and too light at level 128 to cross 0.345% on most captures."
added ink: speck,required_checkbox,no,ink added in a central disc (radius 0.30 of the side) at level 128; fires below +14.375,miss,none,true,"A speck inside the 6.6 px disc of an unticked box reads as a tick (published targeted run: 0.667 at 4% ink on the box), but a random speck lands in a 6.6 px disc on too few A3 pages to move pooled recall under 0.90. X2 has no mark near a box."
added ink: speck,signature,no,largest added connected component at level 128 (components); fires when its diagonal is below 342.05 canonical px,none,none,false,"A speck is one compact component whose diagonal is far below 342 px, so it cannot pass for a signature."
added ink: speck,expiry,no,"page OCR (psm 11, min_conf 0); exactly 8 digits parsed as a date; fires when days past > 0",miss,none,true,"A speck on a digit can add or break a character and the 8-digit rule then returns None (abstain, a miss); it has to land on a 165 x 36 px date, which is rare per page."
added ink: speck,consistency,no,zone OCR (min_conf 0); worst-token similarity; fires when 1 - overlap > 0.3939,none,none,false,"G0 chose every threshold on parasite level 0; the parasite sub-grid and the targeted run (speck, stroke, fold shapes) only measured, never chose. A speck is compact and local: it moves no global measure (registration peak, scale, coverage, orientation) and only matters where it lands on a watched zone. For this check, speck leaves the street name tokens readable on both pieces."
added ink: speck,forbidden_value,no,page OCR (min_conf 0); best n-gram similarity to the value; fires above 0.7214,none,none,false,"G0 chose every threshold on parasite level 0; the parasite sub-grid and the targeted run (speck, stroke, fold shapes) only measured, never chose. A speck is compact and local: it moves no global measure (registration peak, scale, coverage, orientation) and only matters where it lands on a watched zone. For this check, speck leaves 999-99-9999 readable above 0.7214."
added ink: speck,resolution,no,source dpi estimated from the registration scale (base scale = page height ratio); fires below 148.5,none,none,false,"G0 chose every threshold on parasite level 0; the parasite sub-grid and the targeted run (speck, stroke, fold shapes) only measured, never chose. A speck is compact and local: it moves no global measure (registration peak, scale, coverage, orientation) and only matters where it lands on a watched zone. For this check, speck does not bias the height-based scale estimate by 1%."
added ink: speck,cropped_page,no,1 - share of the blank's ink inside the registered frame extent; fires above 0.0879,none,none,false,"G0 chose every threshold on parasite level 0; the parasite sub-grid and the targeted run (speck, stroke, fold shapes) only measured, never chose. A speck is compact and local: it moves no global measure (registration peak, scale, coverage, orientation) and only matters where it lands on a watched zone. For this check, speck does not shrink the registered frame extent."
added ink: speck,rotated_page,no,orientation margin (peak of chosen quarter turn minus peak of quarter 0); fires above 0.3585,none,none,false,"G0 chose every threshold on parasite level 0; the parasite sub-grid and the targeted run (speck, stroke, fold shapes) only measured, never chose. A speck is compact and local: it moves no global measure (registration peak, scale, coverage, orientation) and only matters where it lands on a watched zone. For this check, speck does not change which quarter turn registers best."
added ink: stroke,required_field,no,ink added in the field vs the blank at level 128 (text_sensor=ink); fires below 0.345% of the zone,miss,both,true,"The known failure. A3: Scribbles, NoisyLines, DirtyDrum streaks and Markup lines crossing the emptied field. X2: the step 2 pen stroke of about 5 mm is about 40 x 3 px, 0.8% of the I-9 City field, above 0.345%, so the emptied field reads filled."
added ink: stroke,required_checkbox,no,ink added in a central disc (radius 0.30 of the side) at level 128; fires below +14.375,miss,none,true,"A stroke through the 6.6 px disc reads as a tick, but strokes cross a 22 px box on too few pages to pull pooled recall under 0.90; X2 has no mark near a box."
added ink: stroke,signature,no,largest added connected component at level 128 (components); fires when its diagonal is below 342.05 canonical px,miss,A3,true,"A line running inside the 898 x 36 px band (NoisyLines, DirtyDrum, Scribbles) is one added component with a diagonal above 342 px, so an unsigned I-9 reads as signed (published targeted run: 0.333 at 4% ink). Predicted frequent enough on A3 to pull recall under 0.90."
added ink: stroke,expiry,no,"page OCR (psm 11, min_conf 0); exactly 8 digits parsed as a date; fires when days past > 0",miss,A3,true,"A streak crossing the 165 x 36 px date adds a character OCR reads as 1 or l, or breaks a digit; the rule needs exactly 8 digits and otherwise abstains, which counts as a miss (published targeted run: 0.667 at 1%, 0.333 at 4%)."
added ink: stroke,consistency,no,zone OCR (min_conf 0); worst-token similarity; fires when 1 - overlap > 0.3939,none,none,false,"G0 chose every threshold on parasite level 0; the parasite sub-grid and the targeted run (speck, stroke, fold shapes) only measured, never chose. A stroke is a thin long mark; global measures do not move. For this check, stroke leaves the street name tokens readable on both pieces."
added ink: stroke,forbidden_value,no,page OCR (min_conf 0); best n-gram similarity to the value; fires above 0.7214,miss,none,false,"A stroke through 999-99-9999 lowers the n-gram similarity, but a single stroke rarely takes it under 0.7214 and rarely lands on the number."
added ink: stroke,resolution,no,source dpi estimated from the registration scale (base scale = page height ratio); fires below 148.5,none,none,false,"G0 chose every threshold on parasite level 0; the parasite sub-grid and the targeted run (speck, stroke, fold shapes) only measured, never chose. A stroke is a thin long mark; global measures do not move. For this check, stroke does not bias the height-based scale estimate by 1%."
added ink: stroke,cropped_page,no,1 - share of the blank's ink inside the registered frame extent; fires above 0.0879,none,none,false,"G0 chose every threshold on parasite level 0; the parasite sub-grid and the targeted run (speck, stroke, fold shapes) only measured, never chose. A stroke is a thin long mark; global measures do not move. For this check, stroke does not shrink the registered frame extent."
added ink: stroke,rotated_page,no,orientation margin (peak of chosen quarter turn minus peak of quarter 0); fires above 0.3585,none,none,false,"G0 chose every threshold on parasite level 0; the parasite sub-grid and the targeted run (speck, stroke, fold shapes) only measured, never chose. A stroke is a thin long mark; global measures do not move. For this check, stroke does not change which quarter turn registers best."
added ink: stain,required_field,no,ink added in the field vs the blank at level 128 (text_sensor=ink); fires below 0.345% of the zone,miss,A3,true,The known failure: the dark core of an Augraphy Stains blotch on the emptied field adds far more than 54 px at level 128. X2 has no stain.
added ink: stain,required_checkbox,no,ink added in a central disc (radius 0.30 of the side) at level 128; fires below +14.375,miss,none,false,"A stain core over a box fills the disc, but the core is dark enough on few pages; the A3 checkbox failure is attributed to shadows, not stains."
added ink: stain,signature,no,largest added connected component at level 128 (components); fires when its diagonal is below 342.05 canonical px,miss,none,false,A stain wide enough to leave a component over 342 px inside the 36 px band is rare.
added ink: stain,expiry,no,"page OCR (psm 11, min_conf 0); exactly 8 digits parsed as a date; fires when days past > 0",none,none,false,"G0 chose every threshold on parasite level 0; the parasite sub-grid and the targeted run (speck, stroke, fold shapes) only measured, never chose. A stain is a large diffuse blotch, mostly lighter than level 128 except at its core. For this check, stain leaves the 8 printed digits of the date readable."
added ink: stain,consistency,no,zone OCR (min_conf 0); worst-token similarity; fires when 1 - overlap > 0.3939,none,none,false,"G0 chose every threshold on parasite level 0; the parasite sub-grid and the targeted run (speck, stroke, fold shapes) only measured, never chose. A stain is a large diffuse blotch, mostly lighter than level 128 except at its core. For this check, stain leaves the street name tokens readable on both pieces."
added ink: stain,forbidden_value,no,page OCR (min_conf 0); best n-gram similarity to the value; fires above 0.7214,none,none,false,"G0 chose every threshold on parasite level 0; the parasite sub-grid and the targeted run (speck, stroke, fold shapes) only measured, never chose. A stain is a large diffuse blotch, mostly lighter than level 128 except at its core. For this check, stain leaves 999-99-9999 readable above 0.7214."
added ink: stain,resolution,no,source dpi estimated from the registration scale (base scale = page height ratio); fires below 148.5,none,none,false,"G0 chose every threshold on parasite level 0; the parasite sub-grid and the targeted run (speck, stroke, fold shapes) only measured, never chose. A stain is a large diffuse blotch, mostly lighter than level 128 except at its core. For this check, stain does not bias the height-based scale estimate by 1%."
added ink: stain,cropped_page,no,1 - share of the blank's ink inside the registered frame extent; fires above 0.0879,none,none,false,"G0 chose every threshold on parasite level 0; the parasite sub-grid and the targeted run (speck, stroke, fold shapes) only measured, never chose. A stain is a large diffuse blotch, mostly lighter than level 128 except at its core. For this check, stain does not shrink the registered frame extent."
added ink: stain,rotated_page,no,orientation margin (peak of chosen quarter turn minus peak of quarter 0); fires above 0.3585,none,none,false,"G0 chose every threshold on parasite level 0; the parasite sub-grid and the targeted run (speck, stroke, fold shapes) only measured, never chose. A stain is a large diffuse blotch, mostly lighter than level 128 except at its core. For this check, stain does not change which quarter turn registers best."
added ink: stamp,required_field,no,ink added in the field vs the blank at level 128 (text_sensor=ink); fires below 0.345% of the zone,miss,none,true,"Same mechanism as every added ink on a field (reads filled), but neither A3 nor X2 lays a stamp, so nothing is measured."
added ink: stamp,required_checkbox,no,ink added in a central disc (radius 0.30 of the side) at level 128; fires below +14.375,none,none,false,"G0 chose every threshold on parasite level 0; the parasite sub-grid and the targeted run (speck, stroke, fold shapes) only measured, never chose. No source in this study adds a stamp: the Augraphy augmentation list of the plan has no stamp and the X2 checklist draws none. For this check, stamp puts no dark pixel in a box's central disc that the blank lacks."
added ink: stamp,signature,no,largest added connected component at level 128 (components); fires when its diagonal is below 342.05 canonical px,miss,none,false,"A stamp in the band is one large component, read as a signature; not exercised by A3 or X2."
added ink: stamp,expiry,no,"page OCR (psm 11, min_conf 0); exactly 8 digits parsed as a date; fires when days past > 0",miss,none,false,A stamp over the date breaks OCR and the 8-digit rule abstains; not exercised.
added ink: stamp,consistency,no,zone OCR (min_conf 0); worst-token similarity; fires when 1 - overlap > 0.3939,none,none,false,"G0 chose every threshold on parasite level 0; the parasite sub-grid and the targeted run (speck, stroke, fold shapes) only measured, never chose. No source in this study adds a stamp: the Augraphy augmentation list of the plan has no stamp and the X2 checklist draws none. For this check, stamp leaves the street name tokens readable on both pieces."
added ink: stamp,forbidden_value,no,page OCR (min_conf 0); best n-gram similarity to the value; fires above 0.7214,none,none,false,"G0 chose every threshold on parasite level 0; the parasite sub-grid and the targeted run (speck, stroke, fold shapes) only measured, never chose. No source in this study adds a stamp: the Augraphy augmentation list of the plan has no stamp and the X2 checklist draws none. For this check, stamp leaves 999-99-9999 readable above 0.7214."
added ink: stamp,resolution,no,source dpi estimated from the registration scale (base scale = page height ratio); fires below 148.5,none,none,false,"G0 chose every threshold on parasite level 0; the parasite sub-grid and the targeted run (speck, stroke, fold shapes) only measured, never chose. No source in this study adds a stamp: the Augraphy augmentation list of the plan has no stamp and the X2 checklist draws none. For this check, stamp does not bias the height-based scale estimate by 1%."
added ink: stamp,cropped_page,no,1 - share of the blank's ink inside the registered frame extent; fires above 0.0879,none,none,false,"G0 chose every threshold on parasite level 0; the parasite sub-grid and the targeted run (speck, stroke, fold shapes) only measured, never chose. No source in this study adds a stamp: the Augraphy augmentation list of the plan has no stamp and the X2 checklist draws none. For this check, stamp does not shrink the registered frame extent."
added ink: stamp,rotated_page,no,orientation margin (peak of chosen quarter turn minus peak of quarter 0); fires above 0.3585,none,none,false,"G0 chose every threshold on parasite level 0; the parasite sub-grid and the targeted run (speck, stroke, fold shapes) only measured, never chose. No source in this study adds a stamp: the Augraphy augmentation list of the plan has no stamp and the X2 checklist draws none. For this check, stamp does not change which quarter turn registers best."
added ink: highlight,required_field,no,ink added in the field vs the blank at level 128 (text_sensor=ink); fires below 0.345% of the zone,none,none,false,"Prediction: a highlight (A3 Markup highlight) and the X2 step 3 light pencil rub stay above grey 128, so the shipped ink sensor does not count them and the emptied field still reads empty; step 3 recall should sit near step 0, well above step 2."
added ink: highlight,required_checkbox,no,ink added in a central disc (radius 0.30 of the side) at level 128; fires below +14.375,none,none,false,"G0 chose every threshold on parasite level 0; the parasite sub-grid and the targeted run (speck, stroke, fold shapes) only measured, never chose. A highlight is translucent: in greyscale it stays lighter than level 128, the level every shipped ink sensor reads at. For this check, highlight puts no dark pixel in a box's central disc that the blank lacks."
added ink: highlight,signature,no,largest added connected component at level 128 (components); fires when its diagonal is below 342.05 canonical px,none,none,false,"G0 chose every threshold on parasite level 0; the parasite sub-grid and the targeted run (speck, stroke, fold shapes) only measured, never chose. A highlight is translucent: in greyscale it stays lighter than level 128, the level every shipped ink sensor reads at. For this check, highlight leaves no added component over 342 px in the band and does not break the synthetic stroke."
added ink: highlight,expiry,no,"page OCR (psm 11, min_conf 0); exactly 8 digits parsed as a date; fires when days past > 0",none,none,false,"G0 chose every threshold on parasite level 0; the parasite sub-grid and the targeted run (speck, stroke, fold shapes) only measured, never chose. A highlight is translucent: in greyscale it stays lighter than level 128, the level every shipped ink sensor reads at. For this check, highlight leaves the 8 printed digits of the date readable."
added ink: highlight,consistency,no,zone OCR (min_conf 0); worst-token similarity; fires when 1 - overlap > 0.3939,none,none,false,"G0 chose every threshold on parasite level 0; the parasite sub-grid and the targeted run (speck, stroke, fold shapes) only measured, never chose. A highlight is translucent: in greyscale it stays lighter than level 128, the level every shipped ink sensor reads at. For this check, highlight leaves the street name tokens readable on both pieces."
added ink: highlight,forbidden_value,no,page OCR (min_conf 0); best n-gram similarity to the value; fires above 0.7214,none,none,false,"G0 chose every threshold on parasite level 0; the parasite sub-grid and the targeted run (speck, stroke, fold shapes) only measured, never chose. A highlight is translucent: in greyscale it stays lighter than level 128, the level every shipped ink sensor reads at. For this check, highlight leaves 999-99-9999 readable above 0.7214."
added ink: highlight,resolution,no,source dpi estimated from the registration scale (base scale = page height ratio); fires below 148.5,none,none,false,"G0 chose every threshold on parasite level 0; the parasite sub-grid and the targeted run (speck, stroke, fold shapes) only measured, never chose. A highlight is translucent: in greyscale it stays lighter than level 128, the level every shipped ink sensor reads at. For this check, highlight does not bias the height-based scale estimate by 1%."
added ink: highlight,cropped_page,no,1 - share of the blank's ink inside the registered frame extent; fires above 0.0879,none,none,false,"G0 chose every threshold on parasite level 0; the parasite sub-grid and the targeted run (speck, stroke, fold shapes) only measured, never chose. A highlight is translucent: in greyscale it stays lighter than level 128, the level every shipped ink sensor reads at. For this check, highlight does not shrink the registered frame extent."
added ink: highlight,rotated_page,no,orientation margin (peak of chosen quarter turn minus peak of quarter 0); fires above 0.3585,none,none,false,"G0 chose every threshold on parasite level 0; the parasite sub-grid and the targeted run (speck, stroke, fold shapes) only measured, never chose. A highlight is translucent: in greyscale it stays lighter than level 128, the level every shipped ink sensor reads at. For this check, highlight does not change which quarter turn registers best."
paper deformation: fold,required_field,no,ink added in the field vs the blank at level 128 (text_sensor=ink); fires below 0.345% of the zone,miss,A3,true,"The probe's own fold shape (a dark band across the page) is the known mechanism; where Augraphy's fold shade is darker than 128 over the emptied field, the field reads filled."
paper deformation: fold,required_checkbox,no,ink added in a central disc (radius 0.30 of the side) at level 128; fires below +14.375,none,none,false,"Augraphy Folding is a local warp with a shade along the fold line; the global registration absorbs everything but the band near the fold. For this check, fold puts no dark pixel in a box's central disc that the blank lacks."
paper deformation: fold,signature,no,largest added connected component at level 128 (components); fires when its diagonal is below 342.05 canonical px,miss,none,true,"A horizontal fold shade inside the band would be a long component (published: 0.333 at 4%), but Augraphy's shade is rarely darker than 128 over 342 px of the band."
paper deformation: fold,expiry,no,"page OCR (psm 11, min_conf 0); exactly 8 digits parsed as a date; fires when days past > 0",none,none,false,"Augraphy Folding is a local warp with a shade along the fold line; the global registration absorbs everything but the band near the fold. For this check, fold leaves the 8 printed digits of the date readable."
paper deformation: fold,consistency,no,zone OCR (min_conf 0); worst-token similarity; fires when 1 - overlap > 0.3939,none,none,false,"Augraphy Folding is a local warp with a shade along the fold line; the global registration absorbs everything but the band near the fold. For this check, fold leaves the street name tokens readable on both pieces."
paper deformation: fold,forbidden_value,no,page OCR (min_conf 0); best n-gram similarity to the value; fires above 0.7214,none,none,false,"Augraphy Folding is a local warp with a shade along the fold line; the global registration absorbs everything but the band near the fold. For this check, fold leaves 999-99-9999 readable above 0.7214."
paper deformation: fold,resolution,no,source dpi estimated from the registration scale (base scale = page height ratio); fires below 148.5,none,none,false,"Augraphy Folding is a local warp with a shade along the fold line; the global registration absorbs everything but the band near the fold. For this check, fold does not bias the height-based scale estimate by 1%."
paper deformation: fold,cropped_page,no,1 - share of the blank's ink inside the registered frame extent; fires above 0.0879,none,none,false,"Augraphy Folding is a local warp with a shade along the fold line; the global registration absorbs everything but the band near the fold. For this check, fold does not shrink the registered frame extent."
paper deformation: fold,rotated_page,no,orientation margin (peak of chosen quarter turn minus peak of quarter 0); fires above 0.3585,none,none,false,"Augraphy Folding is a local warp with a shade along the fold line; the global registration absorbs everything but the band near the fold. For this check, fold does not change which quarter turn registers best."
paper deformation: curl,required_field,no,ink added in the field vs the blank at level 128 (text_sensor=ink); fires below 0.345% of the zone,miss,X2,false,"Curl leaves local offsets after the global fit. Measured on the blank render alone (geometry, no reading): a 2 px shift brings +2.56% pre-printed line ink into the W-9 name and address fields, a 4 px shift +2.3 to +2.8% into six of the seven I-9 fields, against a 0.345% threshold. The sensor subtracts counts, so line ink that enters the scan's zone and not the blank's reads as filling: the unmarked emptied field reads filled."
paper deformation: curl,required_checkbox,no,ink added in a central disc (radius 0.30 of the side) at level 128; fires below +14.375,miss,X2,false,"The W-9 box is 22 px; its outline sits about 11 px from the disc centre and the disc radius is 6.6 px. A local offset of 4 to 5 px puts outline ink in the scan's disc and none in the blank's, so an unticked box reads ticked (+14.4 needs about 20 px of the 137 px disc)."
paper deformation: curl,signature,no,largest added connected component at level 128 (components); fires when its diagonal is below 342.05 canonical px,miss,X2,false,"A 4 px offset brings the line under the I-9 signature band into the 898 x 36 px window (+2.78% on the blank). The added mask is positional, so it holds a strip as long as the band: one component with a diagonal far above 342 px, and an unsigned I-9 reads as signed."
paper deformation: curl,expiry,no,"page OCR (psm 11, min_conf 0); exactly 8 digits parsed as a date; fires when days past > 0",none,none,false,OCR reads words in a zone widened by 8 px and a stray line yields no digit in most captures.
paper deformation: curl,consistency,no,zone OCR (min_conf 0); worst-token similarity; fires when 1 - overlap > 0.3939,none,none,false,"G0 renders a flat page; registration is one global similarity (scale, translation, half turn) after deskew, with no local warp model. For this check, curl leaves the street name tokens readable on both pieces."
paper deformation: curl,forbidden_value,no,page OCR (min_conf 0); best n-gram similarity to the value; fires above 0.7214,none,none,false,"G0 renders a flat page; registration is one global similarity (scale, translation, half turn) after deskew, with no local warp model. For this check, curl leaves 999-99-9999 readable above 0.7214."
paper deformation: curl,resolution,no,source dpi estimated from the registration scale (base scale = page height ratio); fires below 148.5,none,none,false,"G0 renders a flat page; registration is one global similarity (scale, translation, half turn) after deskew, with no local warp model. For this check, curl does not bias the height-based scale estimate by 1%."
paper deformation: curl,cropped_page,no,1 - share of the blank's ink inside the registered frame extent; fires above 0.0879,none,none,false,"G0 renders a flat page; registration is one global similarity (scale, translation, half turn) after deskew, with no local warp model. For this check, curl does not shrink the registered frame extent."
paper deformation: curl,rotated_page,no,orientation margin (peak of chosen quarter turn minus peak of quarter 0); fires above 0.3585,none,none,false,"G0 renders a flat page; registration is one global similarity (scale, translation, half turn) after deskew, with no local warp model. For this check, curl does not change which quarter turn registers best."
paper deformation: crease,required_field,no,ink added in the field vs the blank at level 128 (text_sensor=ink); fires below 0.345% of the zone,miss,none,true,"A dark crease line across an emptied field reads as filling (the known mechanism), but no source beyond Folding makes one."
paper deformation: crease,required_checkbox,no,ink added in a central disc (radius 0.30 of the side) at level 128; fires below +14.375,none,none,false,"The X2 sheets are never folded, and A3 creases come only from Folding (see the fold row). For this check, crease puts no dark pixel in a box's central disc that the blank lacks."
paper deformation: crease,signature,no,largest added connected component at level 128 (components); fires when its diagonal is below 342.05 canonical px,none,none,false,"The X2 sheets are never folded, and A3 creases come only from Folding (see the fold row). For this check, crease leaves no added component over 342 px in the band and does not break the synthetic stroke."
paper deformation: crease,expiry,no,"page OCR (psm 11, min_conf 0); exactly 8 digits parsed as a date; fires when days past > 0",none,none,false,"The X2 sheets are never folded, and A3 creases come only from Folding (see the fold row). For this check, crease leaves the 8 printed digits of the date readable."
paper deformation: crease,consistency,no,zone OCR (min_conf 0); worst-token similarity; fires when 1 - overlap > 0.3939,none,none,false,"The X2 sheets are never folded, and A3 creases come only from Folding (see the fold row). For this check, crease leaves the street name tokens readable on both pieces."
paper deformation: crease,forbidden_value,no,page OCR (min_conf 0); best n-gram similarity to the value; fires above 0.7214,none,none,false,"The X2 sheets are never folded, and A3 creases come only from Folding (see the fold row). For this check, crease leaves 999-99-9999 readable above 0.7214."
paper deformation: crease,resolution,no,source dpi estimated from the registration scale (base scale = page height ratio); fires below 148.5,none,none,false,"The X2 sheets are never folded, and A3 creases come only from Folding (see the fold row). For this check, crease does not bias the height-based scale estimate by 1%."
paper deformation: crease,cropped_page,no,1 - share of the blank's ink inside the registered frame extent; fires above 0.0879,none,none,false,"The X2 sheets are never folded, and A3 creases come only from Folding (see the fold row). For this check, crease does not shrink the registered frame extent."
paper deformation: crease,rotated_page,no,orientation margin (peak of chosen quarter turn minus peak of quarter 0); fires above 0.3585,none,none,false,"The X2 sheets are never folded, and A3 creases come only from Folding (see the fold row). For this check, crease does not change which quarter turn registers best."
illumination: shadow,required_field,no,ink added in the field vs the blank at level 128 (text_sensor=ink); fires below 0.345% of the zone,miss,A3,true,"Where Augraphy's ShadowCast is darker than 128 over the emptied field, the ink sensor counts it as filling: the same mechanism as added ink, excluded from H6."
illumination: shadow,required_checkbox,no,ink added in a central disc (radius 0.30 of the side) at level 128; fires below +14.375,miss,A3,false,"A cast shadow darker than 128 over a 22 px box fills the 6.6 px disc of the scan and not of the blank, so an unticked box reads ticked. ShadowCast covers a large polygon from a page edge, and the four boxes sit at different places, so over A3 enough unticked boxes fall under it to pull pooled recall under 0.90."
illumination: shadow,signature,no,largest added connected component at level 128 (components); fires when its diagonal is below 342.05 canonical px,miss,A3,false,"A shadow edge crossing the band leaves a large added region at level 128, one component with a diagonal above 342 px: an unsigned I-9 reads as signed."
illumination: shadow,expiry,no,"page OCR (psm 11, min_conf 0); exactly 8 digits parsed as a date; fires when days past > 0",none,none,false,A shadow lowers contrast but Tesseract still reads dark digits on a grey ground at 150 to 300 dpi.
illumination: shadow,consistency,no,zone OCR (min_conf 0); worst-token similarity; fires when 1 - overlap > 0.3939,none,none,false,"G0 has uniform white paper. X2: Apple Notes' document mode evens out illumination before the file is saved, so X2 is predicted unaffected. For this check, shadow leaves the street name tokens readable on both pieces."
illumination: shadow,forbidden_value,no,page OCR (min_conf 0); best n-gram similarity to the value; fires above 0.7214,none,none,false,"G0 has uniform white paper. X2: Apple Notes' document mode evens out illumination before the file is saved, so X2 is predicted unaffected. For this check, shadow leaves 999-99-9999 readable above 0.7214."
illumination: shadow,resolution,no,source dpi estimated from the registration scale (base scale = page height ratio); fires below 148.5,none,none,false,"G0 has uniform white paper. X2: Apple Notes' document mode evens out illumination before the file is saved, so X2 is predicted unaffected. For this check, shadow does not bias the height-based scale estimate by 1%."
illumination: shadow,cropped_page,no,1 - share of the blank's ink inside the registered frame extent; fires above 0.0879,none,none,false,"G0 has uniform white paper. X2: Apple Notes' document mode evens out illumination before the file is saved, so X2 is predicted unaffected. For this check, shadow does not shrink the registered frame extent."
illumination: shadow,rotated_page,no,orientation margin (peak of chosen quarter turn minus peak of quarter 0); fires above 0.3585,none,none,false,"G0 has uniform white paper. X2: Apple Notes' document mode evens out illumination before the file is saved, so X2 is predicted unaffected. For this check, shadow does not change which quarter turn registers best."
illumination: uneven light,required_field,no,ink added in the field vs the blank at level 128 (text_sensor=ink); fires below 0.345% of the zone,none,none,false,"A brightness gradient (Augraphy's lighting augmentations if the default pipeline draws one; phone light fall-off in X2, flattened by Notes) stays above grey 128 almost everywhere, and every ink sensor is differential at level 128. For this check, uneven light adds or moves no dark pixel inside an emptied field relative to the blank."
illumination: uneven light,required_checkbox,no,ink added in a central disc (radius 0.30 of the side) at level 128; fires below +14.375,none,none,false,"A brightness gradient (Augraphy's lighting augmentations if the default pipeline draws one; phone light fall-off in X2, flattened by Notes) stays above grey 128 almost everywhere, and every ink sensor is differential at level 128. For this check, uneven light puts no dark pixel in a box's central disc that the blank lacks."
illumination: uneven light,signature,no,largest added connected component at level 128 (components); fires when its diagonal is below 342.05 canonical px,none,none,false,"A brightness gradient (Augraphy's lighting augmentations if the default pipeline draws one; phone light fall-off in X2, flattened by Notes) stays above grey 128 almost everywhere, and every ink sensor is differential at level 128. For this check, uneven light leaves no added component over 342 px in the band and does not break the synthetic stroke."
illumination: uneven light,expiry,no,"page OCR (psm 11, min_conf 0); exactly 8 digits parsed as a date; fires when days past > 0",none,none,false,"A brightness gradient (Augraphy's lighting augmentations if the default pipeline draws one; phone light fall-off in X2, flattened by Notes) stays above grey 128 almost everywhere, and every ink sensor is differential at level 128. For this check, uneven light leaves the 8 printed digits of the date readable."
illumination: uneven light,consistency,no,zone OCR (min_conf 0); worst-token similarity; fires when 1 - overlap > 0.3939,none,none,false,"A brightness gradient (Augraphy's lighting augmentations if the default pipeline draws one; phone light fall-off in X2, flattened by Notes) stays above grey 128 almost everywhere, and every ink sensor is differential at level 128. For this check, uneven light leaves the street name tokens readable on both pieces."
illumination: uneven light,forbidden_value,no,page OCR (min_conf 0); best n-gram similarity to the value; fires above 0.7214,none,none,false,"A brightness gradient (Augraphy's lighting augmentations if the default pipeline draws one; phone light fall-off in X2, flattened by Notes) stays above grey 128 almost everywhere, and every ink sensor is differential at level 128. For this check, uneven light leaves 999-99-9999 readable above 0.7214."
illumination: uneven light,resolution,no,source dpi estimated from the registration scale (base scale = page height ratio); fires below 148.5,none,none,false,"A brightness gradient (Augraphy's lighting augmentations if the default pipeline draws one; phone light fall-off in X2, flattened by Notes) stays above grey 128 almost everywhere, and every ink sensor is differential at level 128. For this check, uneven light does not bias the height-based scale estimate by 1%."
illumination: uneven light,cropped_page,no,1 - share of the blank's ink inside the registered frame extent; fires above 0.0879,none,none,false,"A brightness gradient (Augraphy's lighting augmentations if the default pipeline draws one; phone light fall-off in X2, flattened by Notes) stays above grey 128 almost everywhere, and every ink sensor is differential at level 128. For this check, uneven light does not shrink the registered frame extent."
illumination: uneven light,rotated_page,no,orientation margin (peak of chosen quarter turn minus peak of quarter 0); fires above 0.3585,none,none,false,"A brightness gradient (Augraphy's lighting augmentations if the default pipeline draws one; phone light fall-off in X2, flattened by Notes) stays above grey 128 almost everywhere, and every ink sensor is differential at level 128. For this check, uneven light does not change which quarter turn registers best."
optics: defocus,required_field,partly,ink added in the field vs the blank at level 128 (text_sensor=ink); fires below 0.345% of the zone,none,none,false,"G0 applies a fixed Gaussian blur of radius 0.4 px and never varies it. X2 is captured in focus by the phone's autofocus; the Augraphy list of the plan adds no defocus. For this check, defocus adds or moves no dark pixel inside an emptied field relative to the blank."
optics: defocus,required_checkbox,partly,ink added in a central disc (radius 0.30 of the side) at level 128; fires below +14.375,none,none,false,"G0 applies a fixed Gaussian blur of radius 0.4 px and never varies it. X2 is captured in focus by the phone's autofocus; the Augraphy list of the plan adds no defocus. For this check, defocus puts no dark pixel in a box's central disc that the blank lacks."
optics: defocus,signature,partly,largest added connected component at level 128 (components); fires when its diagonal is below 342.05 canonical px,none,none,false,"G0 applies a fixed Gaussian blur of radius 0.4 px and never varies it. X2 is captured in focus by the phone's autofocus; the Augraphy list of the plan adds no defocus. For this check, defocus leaves no added component over 342 px in the band and does not break the synthetic stroke."
optics: defocus,expiry,partly,"page OCR (psm 11, min_conf 0); exactly 8 digits parsed as a date; fires when days past > 0",none,none,false,"G0 applies a fixed Gaussian blur of radius 0.4 px and never varies it. X2 is captured in focus by the phone's autofocus; the Augraphy list of the plan adds no defocus. For this check, defocus leaves the 8 printed digits of the date readable."
optics: defocus,consistency,partly,zone OCR (min_conf 0); worst-token similarity; fires when 1 - overlap > 0.3939,none,none,false,"G0 applies a fixed Gaussian blur of radius 0.4 px and never varies it. X2 is captured in focus by the phone's autofocus; the Augraphy list of the plan adds no defocus. For this check, defocus leaves the street name tokens readable on both pieces."
optics: defocus,forbidden_value,partly,page OCR (min_conf 0); best n-gram similarity to the value; fires above 0.7214,none,none,false,"G0 applies a fixed Gaussian blur of radius 0.4 px and never varies it. X2 is captured in focus by the phone's autofocus; the Augraphy list of the plan adds no defocus. For this check, defocus leaves 999-99-9999 readable above 0.7214."
optics: defocus,resolution,partly,source dpi estimated from the registration scale (base scale = page height ratio); fires below 148.5,none,none,false,"The dpi estimate reads the page height in pixels, never sharpness: a blurred capture is not flagged as low resolution. No variant tests that, so no recall moves."
optics: defocus,cropped_page,partly,1 - share of the blank's ink inside the registered frame extent; fires above 0.0879,none,none,false,"G0 applies a fixed Gaussian blur of radius 0.4 px and never varies it. X2 is captured in focus by the phone's autofocus; the Augraphy list of the plan adds no defocus. For this check, defocus does not shrink the registered frame extent."
optics: defocus,rotated_page,partly,orientation margin (peak of chosen quarter turn minus peak of quarter 0); fires above 0.3585,none,none,false,"G0 applies a fixed Gaussian blur of radius 0.4 px and never varies it. X2 is captured in focus by the phone's autofocus; the Augraphy list of the plan adds no defocus. For this check, defocus does not change which quarter turn registers best."
optics: perspective,required_field,no,ink added in the field vs the blank at level 128 (text_sensor=ink); fires below 0.345% of the zone,miss,X2,false,"Same mechanism as curl: a residual 2 to 4 px offset brings pre-printed line ink into the zone (measured on the blank render: +2.56% at 2 px on the W-9 name field, +2.6% at 4 px on I-9 fields), so an unmarked emptied field reads filled."
optics: perspective,required_checkbox,no,ink added in a central disc (radius 0.30 of the side) at level 128; fires below +14.375,miss,X2,false,Same mechanism as curl: a 4 to 5 px residual puts the box outline in the scan's disc.
optics: perspective,signature,no,largest added connected component at level 128 (components); fires when its diagonal is below 342.05 canonical px,miss,X2,false,Same mechanism as curl: the signature line enters the band as a long added strip.
optics: perspective,expiry,no,"page OCR (psm 11, min_conf 0); exactly 8 digits parsed as a date; fires when days past > 0",none,none,false,"G0 has no perspective. Notes' document mode rectifies the page from its four corners, leaving a residual perspective and lens distortion that the global similarity registration cannot remove. For this check, perspective leaves the 8 printed digits of the date readable."
optics: perspective,consistency,no,zone OCR (min_conf 0); worst-token similarity; fires when 1 - overlap > 0.3939,none,none,false,"G0 has no perspective. Notes' document mode rectifies the page from its four corners, leaving a residual perspective and lens distortion that the global similarity registration cannot remove. For this check, perspective leaves the street name tokens readable on both pieces."
optics: perspective,forbidden_value,no,page OCR (min_conf 0); best n-gram similarity to the value; fires above 0.7214,none,none,false,"G0 has no perspective. Notes' document mode rectifies the page from its four corners, leaving a residual perspective and lens distortion that the global similarity registration cannot remove. For this check, perspective leaves 999-99-9999 readable above 0.7214."
optics: perspective,resolution,no,source dpi estimated from the registration scale (base scale = page height ratio); fires below 148.5,none,none,false,"G0 has no perspective. Notes' document mode rectifies the page from its four corners, leaving a residual perspective and lens distortion that the global similarity registration cannot remove. For this check, perspective does not bias the height-based scale estimate by 1%."
optics: perspective,cropped_page,no,1 - share of the blank's ink inside the registered frame extent; fires above 0.0879,none,none,false,"G0 has no perspective. Notes' document mode rectifies the page from its four corners, leaving a residual perspective and lens distortion that the global similarity registration cannot remove. For this check, perspective does not shrink the registered frame extent."
optics: perspective,rotated_page,no,orientation margin (peak of chosen quarter turn minus peak of quarter 0); fires above 0.3585,none,none,false,"G0 has no perspective. Notes' document mode rectifies the page from its four corners, leaving a residual perspective and lens distortion that the global similarity registration cannot remove. For this check, perspective does not change which quarter turn registers best."
sampling: dpi,required_field,yes,ink added in the field vs the blank at level 128 (text_sensor=ink); fires below 0.345% of the zone,none,none,false,"G0 varies dpi over 96, 150, 200 and 300; A3 uses 150, 200 and 300 and X2 phone PDFs are rendered at 300. For this check, dpi adds or moves no dark pixel inside an emptied field relative to the blank."
sampling: dpi,required_checkbox,yes,ink added in a central disc (radius 0.30 of the side) at level 128; fires below +14.375,none,none,false,"G0 varies dpi over 96, 150, 200 and 300; A3 uses 150, 200 and 300 and X2 phone PDFs are rendered at 300. For this check, dpi puts no dark pixel in a box's central disc that the blank lacks."
sampling: dpi,signature,yes,largest added connected component at level 128 (components); fires when its diagonal is below 342.05 canonical px,none,none,false,"G0 varies dpi over 96, 150, 200 and 300; A3 uses 150, 200 and 300 and X2 phone PDFs are rendered at 300. For this check, dpi leaves no added component over 342 px in the band and does not break the synthetic stroke."
sampling: dpi,expiry,yes,"page OCR (psm 11, min_conf 0); exactly 8 digits parsed as a date; fires when days past > 0",none,none,false,"G0 varies dpi over 96, 150, 200 and 300; A3 uses 150, 200 and 300 and X2 phone PDFs are rendered at 300. For this check, dpi leaves the 8 printed digits of the date readable."
sampling: dpi,consistency,yes,zone OCR (min_conf 0); worst-token similarity; fires when 1 - overlap > 0.3939,none,none,false,"G0 varies dpi over 96, 150, 200 and 300; A3 uses 150, 200 and 300 and X2 phone PDFs are rendered at 300. For this check, dpi leaves the street name tokens readable on both pieces."
sampling: dpi,forbidden_value,yes,page OCR (min_conf 0); best n-gram similarity to the value; fires above 0.7214,none,none,false,"G0 varies dpi over 96, 150, 200 and 300; A3 uses 150, 200 and 300 and X2 phone PDFs are rendered at 300. For this check, dpi leaves 999-99-9999 readable above 0.7214."
sampling: dpi,resolution,yes,source dpi estimated from the registration scale (base scale = page height ratio); fires below 148.5,false_alarm,A3,false,"At the 150 dpi cells the estimate has 1% of margin (threshold 148.5). Any Augraphy augmentation that changes the page's apparent height or its ink map (Folding, BindingsAndFasteners, a page border if drawn) biases the scale by more than 1% on some pages, which then read below the floor; the reading checks abstain on those pieces, which also costs expiry, consistency and forbidden_value recall."
sampling: dpi,cropped_page,yes,1 - share of the blank's ink inside the registered frame extent; fires above 0.0879,none,none,false,"G0 varies dpi over 96, 150, 200 and 300; A3 uses 150, 200 and 300 and X2 phone PDFs are rendered at 300. For this check, dpi does not shrink the registered frame extent."
sampling: dpi,rotated_page,yes,orientation margin (peak of chosen quarter turn minus peak of quarter 0); fires above 0.3585,none,none,false,"G0 varies dpi over 96, 150, 200 and 300; A3 uses 150, 200 and 300 and X2 phone PDFs are rendered at 300. For this check, dpi does not change which quarter turn registers best."
sampling: JPEG,required_field,yes,ink added in the field vs the blank at level 128 (text_sensor=ink); fires below 0.345% of the zone,none,none,false,"G0 varies JPEG quality over 30, 55, 75 and 95 (A1 and A2 keep only 95 after the cap cut, but the shipped thresholds were chosen over all four); Notes' PDF compression is milder than quality 30. For this check, JPEG adds or moves no dark pixel inside an emptied field relative to the blank."
sampling: JPEG,required_checkbox,yes,ink added in a central disc (radius 0.30 of the side) at level 128; fires below +14.375,none,none,false,"G0 varies JPEG quality over 30, 55, 75 and 95 (A1 and A2 keep only 95 after the cap cut, but the shipped thresholds were chosen over all four); Notes' PDF compression is milder than quality 30. For this check, JPEG puts no dark pixel in a box's central disc that the blank lacks."
sampling: JPEG,signature,yes,largest added connected component at level 128 (components); fires when its diagonal is below 342.05 canonical px,none,none,false,"G0 varies JPEG quality over 30, 55, 75 and 95 (A1 and A2 keep only 95 after the cap cut, but the shipped thresholds were chosen over all four); Notes' PDF compression is milder than quality 30. For this check, JPEG leaves no added component over 342 px in the band and does not break the synthetic stroke."
sampling: JPEG,expiry,yes,"page OCR (psm 11, min_conf 0); exactly 8 digits parsed as a date; fires when days past > 0",none,none,false,"G0 varies JPEG quality over 30, 55, 75 and 95 (A1 and A2 keep only 95 after the cap cut, but the shipped thresholds were chosen over all four); Notes' PDF compression is milder than quality 30. For this check, JPEG leaves the 8 printed digits of the date readable."
sampling: JPEG,consistency,yes,zone OCR (min_conf 0); worst-token similarity; fires when 1 - overlap > 0.3939,none,none,false,"G0 varies JPEG quality over 30, 55, 75 and 95 (A1 and A2 keep only 95 after the cap cut, but the shipped thresholds were chosen over all four); Notes' PDF compression is milder than quality 30. For this check, JPEG leaves the street name tokens readable on both pieces."
sampling: JPEG,forbidden_value,yes,page OCR (min_conf 0); best n-gram similarity to the value; fires above 0.7214,none,none,false,"G0 varies JPEG quality over 30, 55, 75 and 95 (A1 and A2 keep only 95 after the cap cut, but the shipped thresholds were chosen over all four); Notes' PDF compression is milder than quality 30. For this check, JPEG leaves 999-99-9999 readable above 0.7214."
sampling: JPEG,resolution,yes,source dpi estimated from the registration scale (base scale = page height ratio); fires below 148.5,none,none,false,"G0 varies JPEG quality over 30, 55, 75 and 95 (A1 and A2 keep only 95 after the cap cut, but the shipped thresholds were chosen over all four); Notes' PDF compression is milder than quality 30. For this check, JPEG does not bias the height-based scale estimate by 1%."
sampling: JPEG,cropped_page,yes,1 - share of the blank's ink inside the registered frame extent; fires above 0.0879,none,none,false,"G0 varies JPEG quality over 30, 55, 75 and 95 (A1 and A2 keep only 95 after the cap cut, but the shipped thresholds were chosen over all four); Notes' PDF compression is milder than quality 30. For this check, JPEG does not shrink the registered frame extent."
sampling: JPEG,rotated_page,yes,orientation margin (peak of chosen quarter turn minus peak of quarter 0); fires above 0.3585,none,none,false,"G0 varies JPEG quality over 30, 55, 75 and 95 (A1 and A2 keep only 95 after the cap cut, but the shipped thresholds were chosen over all four); Notes' PDF compression is milder than quality 30. For this check, JPEG does not change which quarter turn registers best."
sampling: phone auto-enhancement,required_field,no,ink added in the field vs the blank at level 128 (text_sensor=ink); fires below 0.345% of the zone,miss,X2,false,"The filter darkens and thickens printed lines. The ink sensor subtracts COUNTS of dark pixels, and the blank render holds 2.2 to 6.3% line ink inside the Cerfa fields and 6.4 to 8.4% inside the W-9 TIN boxes: a 10% thickening adds 0.2 to 0.8%, around and above 0.345%, so those emptied fields read filled. The I-9 fields hold no pre-printed ink and are unaffected by this route (curl and perspective still apply). The filter is also predicted to erase the light pencil of steps 1 and 3."
sampling: phone auto-enhancement,required_checkbox,no,ink added in a central disc (radius 0.30 of the side) at level 128; fires below +14.375,none,none,false,A tick reads +21 to +28 against a 14.4 threshold and the filter darkens it further; an outline thickened by 1 to 2 px still stays outside the 6.6 px disc.
sampling: phone auto-enhancement,signature,no,largest added connected component at level 128 (components); fires when its diagonal is below 342.05 canonical px,none,none,false,"Only X2 goes through Apple Notes' document filter (contrast, sharpening, background flattening). G0 and Augraphy never do. For this check, phone auto-enhancement leaves no added component over 342 px in the band and does not break the synthetic stroke."
sampling: phone auto-enhancement,expiry,no,"page OCR (psm 11, min_conf 0); exactly 8 digits parsed as a date; fires when days past > 0",none,none,false,"Only X2 goes through Apple Notes' document filter (contrast, sharpening, background flattening). G0 and Augraphy never do. For this check, phone auto-enhancement leaves the 8 printed digits of the date readable."
sampling: phone auto-enhancement,consistency,no,zone OCR (min_conf 0); worst-token similarity; fires when 1 - overlap > 0.3939,none,none,false,"Only X2 goes through Apple Notes' document filter (contrast, sharpening, background flattening). G0 and Augraphy never do. For this check, phone auto-enhancement leaves the street name tokens readable on both pieces."
sampling: phone auto-enhancement,forbidden_value,no,page OCR (min_conf 0); best n-gram similarity to the value; fires above 0.7214,none,none,false,"Only X2 goes through Apple Notes' document filter (contrast, sharpening, background flattening). G0 and Augraphy never do. For this check, phone auto-enhancement leaves 999-99-9999 readable above 0.7214."
sampling: phone auto-enhancement,resolution,no,source dpi estimated from the registration scale (base scale = page height ratio); fires below 148.5,none,none,false,"Only X2 goes through Apple Notes' document filter (contrast, sharpening, background flattening). G0 and Augraphy never do. For this check, phone auto-enhancement does not bias the height-based scale estimate by 1%."
sampling: phone auto-enhancement,cropped_page,no,1 - share of the blank's ink inside the registered frame extent; fires above 0.0879,none,none,false,"Only X2 goes through Apple Notes' document filter (contrast, sharpening, background flattening). G0 and Augraphy never do. For this check, phone auto-enhancement does not shrink the registered frame extent."
sampling: phone auto-enhancement,rotated_page,no,orientation margin (peak of chosen quarter turn minus peak of quarter 0); fires above 0.3585,none,none,false,"Only X2 goes through Apple Notes' document filter (contrast, sharpening, background flattening). G0 and Augraphy never do. For this check, phone auto-enhancement does not change which quarter turn registers best."
geometry: rotation,required_field,yes,ink added in the field vs the blank at level 128 (text_sensor=ink); fires below 0.345% of the zone,none,none,false,"G0 rotates by 0 to 4 degrees and a quarter turn in the rotated variant; deskew searches 6 degrees either way. Notes straightens X2 pages; the X2 rotated variant is a real quarter turn on the table, which Notes is predicted to keep as captured. For this check, rotation adds or moves no dark pixel inside an emptied field relative to the blank."
geometry: rotation,required_checkbox,yes,ink added in a central disc (radius 0.30 of the side) at level 128; fires below +14.375,none,none,false,"G0 rotates by 0 to 4 degrees and a quarter turn in the rotated variant; deskew searches 6 degrees either way. Notes straightens X2 pages; the X2 rotated variant is a real quarter turn on the table, which Notes is predicted to keep as captured. For this check, rotation puts no dark pixel in a box's central disc that the blank lacks."
geometry: rotation,signature,yes,largest added connected component at level 128 (components); fires when its diagonal is below 342.05 canonical px,none,none,false,"G0 rotates by 0 to 4 degrees and a quarter turn in the rotated variant; deskew searches 6 degrees either way. Notes straightens X2 pages; the X2 rotated variant is a real quarter turn on the table, which Notes is predicted to keep as captured. For this check, rotation leaves no added component over 342 px in the band and does not break the synthetic stroke."
geometry: rotation,expiry,yes,"page OCR (psm 11, min_conf 0); exactly 8 digits parsed as a date; fires when days past > 0",none,none,false,"G0 rotates by 0 to 4 degrees and a quarter turn in the rotated variant; deskew searches 6 degrees either way. Notes straightens X2 pages; the X2 rotated variant is a real quarter turn on the table, which Notes is predicted to keep as captured. For this check, rotation leaves the 8 printed digits of the date readable."
geometry: rotation,consistency,yes,zone OCR (min_conf 0); worst-token similarity; fires when 1 - overlap > 0.3939,none,none,false,"G0 rotates by 0 to 4 degrees and a quarter turn in the rotated variant; deskew searches 6 degrees either way. Notes straightens X2 pages; the X2 rotated variant is a real quarter turn on the table, which Notes is predicted to keep as captured. For this check, rotation leaves the street name tokens readable on both pieces."
geometry: rotation,forbidden_value,yes,page OCR (min_conf 0); best n-gram similarity to the value; fires above 0.7214,none,none,false,"G0 rotates by 0 to 4 degrees and a quarter turn in the rotated variant; deskew searches 6 degrees either way. Notes straightens X2 pages; the X2 rotated variant is a real quarter turn on the table, which Notes is predicted to keep as captured. For this check, rotation leaves 999-99-9999 readable above 0.7214."
geometry: rotation,resolution,yes,source dpi estimated from the registration scale (base scale = page height ratio); fires below 148.5,none,none,false,"G0 rotates by 0 to 4 degrees and a quarter turn in the rotated variant; deskew searches 6 degrees either way. Notes straightens X2 pages; the X2 rotated variant is a real quarter turn on the table, which Notes is predicted to keep as captured. For this check, rotation does not bias the height-based scale estimate by 1%."
geometry: rotation,cropped_page,yes,1 - share of the blank's ink inside the registered frame extent; fires above 0.0879,none,none,false,"G0 rotates by 0 to 4 degrees and a quarter turn in the rotated variant; deskew searches 6 degrees either way. Notes straightens X2 pages; the X2 rotated variant is a real quarter turn on the table, which Notes is predicted to keep as captured. For this check, rotation does not shrink the registered frame extent."
geometry: rotation,rotated_page,yes,orientation margin (peak of chosen quarter turn minus peak of quarter 0); fires above 0.3585,none,none,false,"G0 rotates by 0 to 4 degrees and a quarter turn in the rotated variant; deskew searches 6 degrees either way. Notes straightens X2 pages; the X2 rotated variant is a real quarter turn on the table, which Notes is predicted to keep as captured. For this check, rotation does not change which quarter turn registers best."
geometry: crop,required_field,yes,ink added in the field vs the blank at level 128 (text_sensor=ink); fires below 0.345% of the zone,none,none,false,"G0's cropped variant cuts 18% off the bottom of the IMAGE; that is the only crop the check can see. For this check, crop adds or moves no dark pixel inside an emptied field relative to the blank."
geometry: crop,required_checkbox,yes,ink added in a central disc (radius 0.30 of the side) at level 128; fires below +14.375,none,none,false,"G0's cropped variant cuts 18% off the bottom of the IMAGE; that is the only crop the check can see. For this check, crop puts no dark pixel in a box's central disc that the blank lacks."
geometry: crop,signature,yes,largest added connected component at level 128 (components); fires when its diagonal is below 342.05 canonical px,none,none,false,"G0's cropped variant cuts 18% off the bottom of the IMAGE; that is the only crop the check can see. For this check, crop leaves no added component over 342 px in the band and does not break the synthetic stroke."
geometry: crop,expiry,yes,"page OCR (psm 11, min_conf 0); exactly 8 digits parsed as a date; fires when days past > 0",none,none,false,"G0's cropped variant cuts 18% off the bottom of the IMAGE; that is the only crop the check can see. For this check, crop leaves the 8 printed digits of the date readable."
geometry: crop,consistency,yes,zone OCR (min_conf 0); worst-token similarity; fires when 1 - overlap > 0.3939,none,none,false,"G0's cropped variant cuts 18% off the bottom of the IMAGE; that is the only crop the check can see. For this check, crop leaves the street name tokens readable on both pieces."
geometry: crop,forbidden_value,yes,page OCR (min_conf 0); best n-gram similarity to the value; fires above 0.7214,none,none,false,"G0's cropped variant cuts 18% off the bottom of the IMAGE; that is the only crop the check can see. For this check, crop leaves 999-99-9999 readable above 0.7214."
geometry: crop,resolution,yes,source dpi estimated from the registration scale (base scale = page height ratio); fires below 148.5,none,none,false,"G0's cropped variant cuts 18% off the bottom of the IMAGE; that is the only crop the check can see. For this check, crop does not bias the height-based scale estimate by 1%."
geometry: crop,cropped_page,yes,1 - share of the blank's ink inside the registered frame extent; fires above 0.0879,miss,X2,false,"Coverage is the share of the blank's ink inside the registered frame EXTENT, not the share visible in the scan. In X2 the bottom fifth is covered by a blank sheet: the captured image keeps the page's full size (white paper where the form is hidden), the frame spans the whole blank, coverage stays near 1.0 and the check does not fire."
geometry: crop,rotated_page,yes,orientation margin (peak of chosen quarter turn minus peak of quarter 0); fires above 0.3585,none,none,false,"G0's cropped variant cuts 18% off the bottom of the IMAGE; that is the only crop the check can see. For this check, crop does not change which quarter turn registers best."
geometry: translation,required_field,no,ink added in the field vs the blank at level 128 (text_sensor=ink); fires below 0.345% of the zone,none,none,false,"G0 never translates the page (A2's jitter adds up to 3 px). Registration solves translation globally by cross-correlation before any zone is read, so a pure translation moves nothing relative to the blank. For this check, translation adds or moves no dark pixel inside an emptied field relative to the blank."
geometry: translation,required_checkbox,no,ink added in a central disc (radius 0.30 of the side) at level 128; fires below +14.375,none,none,false,"G0 never translates the page (A2's jitter adds up to 3 px). Registration solves translation globally by cross-correlation before any zone is read, so a pure translation moves nothing relative to the blank. For this check, translation puts no dark pixel in a box's central disc that the blank lacks."
geometry: translation,signature,no,largest added connected component at level 128 (components); fires when its diagonal is below 342.05 canonical px,none,none,false,"G0 never translates the page (A2's jitter adds up to 3 px). Registration solves translation globally by cross-correlation before any zone is read, so a pure translation moves nothing relative to the blank. For this check, translation leaves no added component over 342 px in the band and does not break the synthetic stroke."
geometry: translation,expiry,no,"page OCR (psm 11, min_conf 0); exactly 8 digits parsed as a date; fires when days past > 0",none,none,false,"G0 never translates the page (A2's jitter adds up to 3 px). Registration solves translation globally by cross-correlation before any zone is read, so a pure translation moves nothing relative to the blank. For this check, translation leaves the 8 printed digits of the date readable."
geometry: translation,consistency,no,zone OCR (min_conf 0); worst-token similarity; fires when 1 - overlap > 0.3939,none,none,false,"G0 never translates the page (A2's jitter adds up to 3 px). Registration solves translation globally by cross-correlation before any zone is read, so a pure translation moves nothing relative to the blank. For this check, translation leaves the street name tokens readable on both pieces."
geometry: translation,forbidden_value,no,page OCR (min_conf 0); best n-gram similarity to the value; fires above 0.7214,none,none,false,"G0 never translates the page (A2's jitter adds up to 3 px). Registration solves translation globally by cross-correlation before any zone is read, so a pure translation moves nothing relative to the blank. For this check, translation leaves 999-99-9999 readable above 0.7214."
geometry: translation,resolution,no,source dpi estimated from the registration scale (base scale = page height ratio); fires below 148.5,none,none,false,"G0 never translates the page (A2's jitter adds up to 3 px). Registration solves translation globally by cross-correlation before any zone is read, so a pure translation moves nothing relative to the blank. For this check, translation does not bias the height-based scale estimate by 1%."
geometry: translation,cropped_page,no,1 - share of the blank's ink inside the registered frame extent; fires above 0.0879,none,none,false,"G0 never translates the page (A2's jitter adds up to 3 px). Registration solves translation globally by cross-correlation before any zone is read, so a pure translation moves nothing relative to the blank. For this check, translation does not shrink the registered frame extent."
geometry: translation,rotated_page,no,orientation margin (peak of chosen quarter turn minus peak of quarter 0); fires above 0.3585,none,none,false,"G0 never translates the page (A2's jitter adds up to 3 px). Registration solves translation globally by cross-correlation before any zone is read, so a pure translation moves nothing relative to the blank. For this check, translation does not change which quarter turn registers best."
content: identity,required_field,no,ink added in the field vs the blank at level 128 (text_sensor=ink); fires below 0.345% of the zone,none,none,false,"G0 at v0.1.0 has one fictional person; A1 to A3 carry six and X2 four. Names, addresses and numbers change string lengths and glyphs, not the geometry of the zones. For this check, identity adds or moves no dark pixel inside an emptied field relative to the blank."
content: identity,required_checkbox,no,ink added in a central disc (radius 0.30 of the side) at level 128; fires below +14.375,none,none,false,"G0 at v0.1.0 has one fictional person; A1 to A3 carry six and X2 four. Names, addresses and numbers change string lengths and glyphs, not the geometry of the zones. For this check, identity puts no dark pixel in a box's central disc that the blank lacks."
content: identity,signature,no,largest added connected component at level 128 (components); fires when its diagonal is below 342.05 canonical px,none,none,false,"G0 at v0.1.0 has one fictional person; A1 to A3 carry six and X2 four. Names, addresses and numbers change string lengths and glyphs, not the geometry of the zones. For this check, identity leaves no added component over 342 px in the band and does not break the synthetic stroke."
content: identity,expiry,no,"page OCR (psm 11, min_conf 0); exactly 8 digits parsed as a date; fires when days past > 0",none,none,false,"G0 at v0.1.0 has one fictional person; A1 to A3 carry six and X2 four. Names, addresses and numbers change string lengths and glyphs, not the geometry of the zones. For this check, identity leaves the 8 printed digits of the date readable."
content: identity,consistency,no,zone OCR (min_conf 0); worst-token similarity; fires when 1 - overlap > 0.3939,none,none,false,"Different street names change which token is worst, but printed Helvetica stays readable; covered by A1 and by P6, not predicted to fail on A3 or X2 on account of identity."
content: identity,forbidden_value,no,page OCR (min_conf 0); best n-gram similarity to the value; fires above 0.7214,none,none,false,"G0 at v0.1.0 has one fictional person; A1 to A3 carry six and X2 four. Names, addresses and numbers change string lengths and glyphs, not the geometry of the zones. For this check, identity leaves 999-99-9999 readable above 0.7214."
content: identity,resolution,no,source dpi estimated from the registration scale (base scale = page height ratio); fires below 148.5,none,none,false,"G0 at v0.1.0 has one fictional person; A1 to A3 carry six and X2 four. Names, addresses and numbers change string lengths and glyphs, not the geometry of the zones. For this check, identity does not bias the height-based scale estimate by 1%."
content: identity,cropped_page,no,1 - share of the blank's ink inside the registered frame extent; fires above 0.0879,none,none,false,"G0 at v0.1.0 has one fictional person; A1 to A3 carry six and X2 four. Names, addresses and numbers change string lengths and glyphs, not the geometry of the zones. For this check, identity does not shrink the registered frame extent."
content: identity,rotated_page,no,orientation margin (peak of chosen quarter turn minus peak of quarter 0); fires above 0.3585,none,none,false,"G0 at v0.1.0 has one fictional person; A1 to A3 carry six and X2 four. Names, addresses and numbers change string lengths and glyphs, not the geometry of the zones. For this check, identity does not change which quarter turn registers best."
content: handwriting in fields,required_field,no,ink added in the field vs the blank at level 128 (text_sensor=ink); fires below 0.345% of the zone,none,none,false,"No source in this study writes a field by hand: G0, A3 and the X2 kit all print the values with the same Helvetica overlay. Reported as an untested condition in the limits. For this check, handwriting in fields adds or moves no dark pixel inside an emptied field relative to the blank."
content: handwriting in fields,required_checkbox,no,ink added in a central disc (radius 0.30 of the side) at level 128; fires below +14.375,none,none,false,"No source in this study writes a field by hand: G0, A3 and the X2 kit all print the values with the same Helvetica overlay. Reported as an untested condition in the limits. For this check, handwriting in fields puts no dark pixel in a box's central disc that the blank lacks."
content: handwriting in fields,signature,no,largest added connected component at level 128 (components); fires when its diagonal is below 342.05 canonical px,none,none,false,"No source in this study writes a field by hand: G0, A3 and the X2 kit all print the values with the same Helvetica overlay. Reported as an untested condition in the limits. For this check, handwriting in fields leaves no added component over 342 px in the band and does not break the synthetic stroke."
content: handwriting in fields,expiry,no,"page OCR (psm 11, min_conf 0); exactly 8 digits parsed as a date; fires when days past > 0",miss,none,false,Tesseract on a handwritten date would rarely return exactly 8 digits and the check would abstain; not exercised by any source.
content: handwriting in fields,consistency,no,zone OCR (min_conf 0); worst-token similarity; fires when 1 - overlap > 0.3939,false_alarm,none,false,Handwritten tokens read poorly would diverge between two pieces; not exercised.
content: handwriting in fields,forbidden_value,no,page OCR (min_conf 0); best n-gram similarity to the value; fires above 0.7214,miss,none,false,A handwritten 999-99-9999 read poorly falls under 0.7214; not exercised.
content: handwriting in fields,resolution,no,source dpi estimated from the registration scale (base scale = page height ratio); fires below 148.5,none,none,false,"No source in this study writes a field by hand: G0, A3 and the X2 kit all print the values with the same Helvetica overlay. Reported as an untested condition in the limits. For this check, handwriting in fields does not bias the height-based scale estimate by 1%."
content: handwriting in fields,cropped_page,no,1 - share of the blank's ink inside the registered frame extent; fires above 0.0879,none,none,false,"No source in this study writes a field by hand: G0, A3 and the X2 kit all print the values with the same Helvetica overlay. Reported as an untested condition in the limits. For this check, handwriting in fields does not shrink the registered frame extent."
content: handwriting in fields,rotated_page,no,orientation margin (peak of chosen quarter turn minus peak of quarter 0); fires above 0.3585,none,none,false,"No source in this study writes a field by hand: G0, A3 and the X2 kit all print the values with the same Helvetica overlay. Reported as an untested condition in the limits. For this check, handwriting in fields does not change which quarter turn registers best."
content: hand signatures,required_field,no,ink added in the field vs the blank at level 128 (text_sensor=ink); fires below 0.345% of the zone,none,none,false,"G0 draws one continuous vector stroke per signature (fixed seed 11 at v0.1.0, seeded by identity after T08). Only X2 carries real signatures. For this check, hand signatures adds or moves no dark pixel inside an emptied field relative to the blank."
content: hand signatures,required_checkbox,no,ink added in a central disc (radius 0.30 of the side) at level 128; fires below +14.375,none,none,false,"G0 draws one continuous vector stroke per signature (fixed seed 11 at v0.1.0, seeded by identity after T08). Only X2 carries real signatures. For this check, hand signatures puts no dark pixel in a box's central disc that the blank lacks."
content: hand signatures,signature,no,largest added connected component at level 128 (components); fires when its diagonal is below 342.05 canonical px,false_alarm,X2,false,"The synthetic stroke spans about 76% of the 898 px band (about 680 px diagonal), twice the 342 px threshold. The band is 36 px (4.6 mm) tall: a real signature leaves it at the top and bottom, so the pixels inside the window break into several components, and the largest one's diagonal is predicted under 342 px (1.7 inch) on more than 10% of signed I-9 captures, which then read as unsigned."
content: hand signatures,expiry,no,"page OCR (psm 11, min_conf 0); exactly 8 digits parsed as a date; fires when days past > 0",none,none,false,"G0 draws one continuous vector stroke per signature (fixed seed 11 at v0.1.0, seeded by identity after T08). Only X2 carries real signatures. For this check, hand signatures leaves the 8 printed digits of the date readable."
content: hand signatures,consistency,no,zone OCR (min_conf 0); worst-token similarity; fires when 1 - overlap > 0.3939,none,none,false,"G0 draws one continuous vector stroke per signature (fixed seed 11 at v0.1.0, seeded by identity after T08). Only X2 carries real signatures. For this check, hand signatures leaves the street name tokens readable on both pieces."
content: hand signatures,forbidden_value,no,page OCR (min_conf 0); best n-gram similarity to the value; fires above 0.7214,none,none,false,"G0 draws one continuous vector stroke per signature (fixed seed 11 at v0.1.0, seeded by identity after T08). Only X2 carries real signatures. For this check, hand signatures leaves 999-99-9999 readable above 0.7214."
content: hand signatures,resolution,no,source dpi estimated from the registration scale (base scale = page height ratio); fires below 148.5,none,none,false,"G0 draws one continuous vector stroke per signature (fixed seed 11 at v0.1.0, seeded by identity after T08). Only X2 carries real signatures. For this check, hand signatures does not bias the height-based scale estimate by 1%."
content: hand signatures,cropped_page,no,1 - share of the blank's ink inside the registered frame extent; fires above 0.0879,none,none,false,"G0 draws one continuous vector stroke per signature (fixed seed 11 at v0.1.0, seeded by identity after T08). Only X2 carries real signatures. For this check, hand signatures does not shrink the registered frame extent."
content: hand signatures,rotated_page,no,orientation margin (peak of chosen quarter turn minus peak of quarter 0); fires above 0.3585,none,none,false,"G0 draws one continuous vector stroke per signature (fixed seed 11 at v0.1.0, seeded by identity after T08). Only X2 carries real signatures. For this check, hand signatures does not change which quarter turn registers best."
bleed-through,required_field,no,ink added in the field vs the blank at level 128 (text_sensor=ink); fires below 0.345% of the zone,none,none,false,"The X2 kit is printed one side per sheet; if A3's default pipeline draws a bleed-through, its ghost is lighter than grey 128 and every ink sensor is differential at 128. OCR is not predicted to read a faint mirrored ghost as characters. For this check, bleed-through adds or moves no dark pixel inside an emptied field relative to the blank."
bleed-through,required_checkbox,no,ink added in a central disc (radius 0.30 of the side) at level 128; fires below +14.375,none,none,false,"The X2 kit is printed one side per sheet; if A3's default pipeline draws a bleed-through, its ghost is lighter than grey 128 and every ink sensor is differential at 128. OCR is not predicted to read a faint mirrored ghost as characters. For this check, bleed-through puts no dark pixel in a box's central disc that the blank lacks."
bleed-through,signature,no,largest added connected component at level 128 (components); fires when its diagonal is below 342.05 canonical px,none,none,false,"The X2 kit is printed one side per sheet; if A3's default pipeline draws a bleed-through, its ghost is lighter than grey 128 and every ink sensor is differential at 128. OCR is not predicted to read a faint mirrored ghost as characters. For this check, bleed-through leaves no added component over 342 px in the band and does not break the synthetic stroke."
bleed-through,expiry,no,"page OCR (psm 11, min_conf 0); exactly 8 digits parsed as a date; fires when days past > 0",none,none,false,"The X2 kit is printed one side per sheet; if A3's default pipeline draws a bleed-through, its ghost is lighter than grey 128 and every ink sensor is differential at 128. OCR is not predicted to read a faint mirrored ghost as characters. For this check, bleed-through leaves the 8 printed digits of the date readable."
bleed-through,consistency,no,zone OCR (min_conf 0); worst-token similarity; fires when 1 - overlap > 0.3939,none,none,false,"The X2 kit is printed one side per sheet; if A3's default pipeline draws a bleed-through, its ghost is lighter than grey 128 and every ink sensor is differential at 128. OCR is not predicted to read a faint mirrored ghost as characters. For this check, bleed-through leaves the street name tokens readable on both pieces."
bleed-through,forbidden_value,no,page OCR (min_conf 0); best n-gram similarity to the value; fires above 0.7214,none,none,false,"The X2 kit is printed one side per sheet; if A3's default pipeline draws a bleed-through, its ghost is lighter than grey 128 and every ink sensor is differential at 128. OCR is not predicted to read a faint mirrored ghost as characters. For this check, bleed-through leaves 999-99-9999 readable above 0.7214."
bleed-through,resolution,no,source dpi estimated from the registration scale (base scale = page height ratio); fires below 148.5,none,none,false,"The X2 kit is printed one side per sheet; if A3's default pipeline draws a bleed-through, its ghost is lighter than grey 128 and every ink sensor is differential at 128. OCR is not predicted to read a faint mirrored ghost as characters. For this check, bleed-through does not bias the height-based scale estimate by 1%."
bleed-through,cropped_page,no,1 - share of the blank's ink inside the registered frame extent; fires above 0.0879,none,none,false,"The X2 kit is printed one side per sheet; if A3's default pipeline draws a bleed-through, its ghost is lighter than grey 128 and every ink sensor is differential at 128. OCR is not predicted to read a faint mirrored ghost as characters. For this check, bleed-through does not shrink the registered frame extent."
bleed-through,rotated_page,no,orientation margin (peak of chosen quarter turn minus peak of quarter 0); fires above 0.3585,none,none,false,"The X2 kit is printed one side per sheet; if A3's default pipeline draws a bleed-through, its ghost is lighter than grey 128 and every ink sensor is differential at 128. OCR is not predicted to read a faint mirrored ghost as characters. For this check, bleed-through does not change which quarter turn registers best."
binding holes and staples,required_field,no,ink added in the field vs the blank at level 128 (text_sensor=ink); fires below 0.345% of the zone,none,none,false,"Only A3 (BindingsAndFasteners) draws punch holes, clips or staples, at a page edge; no watched zone sits within the edge band and the dark shapes are too small against the whole page to move the registration peak. For this check, binding holes and staples adds or moves no dark pixel inside an emptied field relative to the blank."
binding holes and staples,required_checkbox,no,ink added in a central disc (radius 0.30 of the side) at level 128; fires below +14.375,none,none,false,"Only A3 (BindingsAndFasteners) draws punch holes, clips or staples, at a page edge; no watched zone sits within the edge band and the dark shapes are too small against the whole page to move the registration peak. For this check, binding holes and staples puts no dark pixel in a box's central disc that the blank lacks."
binding holes and staples,signature,no,largest added connected component at level 128 (components); fires when its diagonal is below 342.05 canonical px,none,none,false,"Only A3 (BindingsAndFasteners) draws punch holes, clips or staples, at a page edge; no watched zone sits within the edge band and the dark shapes are too small against the whole page to move the registration peak. For this check, binding holes and staples leaves no added component over 342 px in the band and does not break the synthetic stroke."
binding holes and staples,expiry,no,"page OCR (psm 11, min_conf 0); exactly 8 digits parsed as a date; fires when days past > 0",none,none,false,"Only A3 (BindingsAndFasteners) draws punch holes, clips or staples, at a page edge; no watched zone sits within the edge band and the dark shapes are too small against the whole page to move the registration peak. For this check, binding holes and staples leaves the 8 printed digits of the date readable."
binding holes and staples,consistency,no,zone OCR (min_conf 0); worst-token similarity; fires when 1 - overlap > 0.3939,none,none,false,"Only A3 (BindingsAndFasteners) draws punch holes, clips or staples, at a page edge; no watched zone sits within the edge band and the dark shapes are too small against the whole page to move the registration peak. For this check, binding holes and staples leaves the street name tokens readable on both pieces."
binding holes and staples,forbidden_value,no,page OCR (min_conf 0); best n-gram similarity to the value; fires above 0.7214,none,none,false,"Only A3 (BindingsAndFasteners) draws punch holes, clips or staples, at a page edge; no watched zone sits within the edge band and the dark shapes are too small against the whole page to move the registration peak. For this check, binding holes and staples leaves 999-99-9999 readable above 0.7214."
binding holes and staples,resolution,no,source dpi estimated from the registration scale (base scale = page height ratio); fires below 148.5,none,none,false,"Only A3 (BindingsAndFasteners) draws punch holes, clips or staples, at a page edge; no watched zone sits within the edge band and the dark shapes are too small against the whole page to move the registration peak. For this check, binding holes and staples does not bias the height-based scale estimate by 1%."
binding holes and staples,cropped_page,no,1 - share of the blank's ink inside the registered frame extent; fires above 0.0879,none,none,false,"Only A3 (BindingsAndFasteners) draws punch holes, clips or staples, at a page edge; no watched zone sits within the edge band and the dark shapes are too small against the whole page to move the registration peak. For this check, binding holes and staples does not shrink the registered frame extent."
binding holes and staples,rotated_page,no,orientation margin (peak of chosen quarter turn minus peak of quarter 0); fires above 0.3585,none,none,false,"Only A3 (BindingsAndFasteners) draws punch holes, clips or staples, at a page edge; no watched zone sits within the edge band and the dark shapes are too small against the whole page to move the registration peak. For this check, binding holes and staples does not change which quarter turn registers best."
ink loss (faded or broken print),required_field,partly,ink added in the field vs the blank at level 128 (text_sensor=ink); fires below 0.345% of the zone,none,none,false,"Added to the list of the plan: Augraphy's Letterpress (in the plan's list) removes ink from printed strokes; G0's noise, blur and JPEG soften strokes but never remove ink. For this check, ink loss (faded or broken print) adds or moves no dark pixel inside an emptied field relative to the blank."
ink loss (faded or broken print),required_checkbox,partly,ink added in a central disc (radius 0.30 of the side) at level 128; fires below +14.375,none,none,false,"Added to the list of the plan: Augraphy's Letterpress (in the plan's list) removes ink from printed strokes; G0's noise, blur and JPEG soften strokes but never remove ink. For this check, ink loss (faded or broken print) puts no dark pixel in a box's central disc that the blank lacks."
ink loss (faded or broken print),signature,partly,largest added connected component at level 128 (components); fires when its diagonal is below 342.05 canonical px,false_alarm,A3,false,"Letterpress breaks the synthetic stroke into pieces; a single break near the middle of a 680 px stroke leaves a largest component near 340 px, under the 342 px threshold, so a signed I-9 reads as unsigned."
ink loss (faded or broken print),expiry,partly,"page OCR (psm 11, min_conf 0); exactly 8 digits parsed as a date; fires when days past > 0",miss,A3,false,"A broken digit splits into two characters or disappears; the rule needs exactly 8 digits, otherwise it abstains, which is a miss on the expired instances. G0 never removed ink and read 1.000."
ink loss (faded or broken print),consistency,partly,zone OCR (min_conf 0); worst-token similarity; fires when 1 - overlap > 0.3939,false_alarm,A3,false,Broken glyphs change one token's reading on one side of the pair and the worst-token similarity drops under 0.606 on clean dossiers.
ink loss (faded or broken print),forbidden_value,partly,page OCR (min_conf 0); best n-gram similarity to the value; fires above 0.7214,miss,A3,false,"One wrong character of nine keeps the similarity near 0.89, three or more fall under 0.7214; predicted often enough on A3 to pull recall under 0.90."
ink loss (faded or broken print),resolution,partly,source dpi estimated from the registration scale (base scale = page height ratio); fires below 148.5,none,none,false,"Added to the list of the plan: Augraphy's Letterpress (in the plan's list) removes ink from printed strokes; G0's noise, blur and JPEG soften strokes but never remove ink. For this check, ink loss (faded or broken print) does not bias the height-based scale estimate by 1%."
ink loss (faded or broken print),cropped_page,partly,1 - share of the blank's ink inside the registered frame extent; fires above 0.0879,none,none,false,"Added to the list of the plan: Augraphy's Letterpress (in the plan's list) removes ink from printed strokes; G0's noise, blur and JPEG soften strokes but never remove ink. For this check, ink loss (faded or broken print) does not shrink the registered frame extent."
ink loss (faded or broken print),rotated_page,partly,orientation margin (peak of chosen quarter turn minus peak of quarter 0); fires above 0.3585,none,none,false,"Added to the list of the plan: Augraphy's Letterpress (in the plan's list) removes ink from printed strokes; G0's noise, blur and JPEG soften strokes but never remove ink. For this check, ink loss (faded or broken print) does not change which quarter turn registers best."
