group,image_id,field_id,radius,loo,area,added,share,near8,ncomp,bigcomp
1,007182398_00026,f8,0,False,8048,8,0.0009940357852882703,8,1,8
1,007182398_00034,f20,0,False,14490,0,0.0,0,0,0
1,007182398_00034,f27,0,False,27810,0,0.0,0,0,0
1,007182398_00082,f27,0,False,16374,0,0.0,0,0,0
1,007182398_00106,f8,0,False,8977,0,0.0,0,0,0
1,007182398_00106,f27,0,False,10998,0,0.0,0,0,0
1,007182398_00117,f27,0,False,9147,0,0.0,0,0,0
1,007182398_00119,f27,0,False,9047,0,0.0,0,0,0
1,007182398_00121,f27,0,False,5670,0,0.0,0,0,0
1,007182398_00121,f30,0,False,11654,67,0.0057490990217950915,0,2,46
1,007182398_00132,f12,0,False,5025,0,0.0,0,0,0
1,007182398_00132,f27,0,False,6930,0,0.0,0,0,0
1,007182398_00132,f29,0,False,4445,1,0.0002249718785151856,0,1,1
1,007182398_00161,f8,0,False,5516,39,0.007070340826686004,0,1,39
1,007182398_00161,f27,0,False,7062,0,0.0,0,0,0
1,007182398_00233,f8,0,False,6979,0,0.0,0,0,0
1,007182398_00233,f12,0,False,5179,113,0.021818883954431358,0,4,38
1,007182398_00233,f27,0,False,13792,0,0.0,0,0,0
1,007182398_00026,f8,3,False,8048,0,0.0,0,0,0
1,007182398_00026,f8,3,True,8048,1,0.00012425447316103378,1,1,1
1,007182398_00034,f20,3,False,14490,0,0.0,0,0,0
1,007182398_00034,f27,3,False,27810,0,0.0,0,0,0
1,007182398_00034,f20,3,True,14490,0,0.0,0,0,0
1,007182398_00034,f27,3,True,27810,0,0.0,0,0,0
1,007182398_00082,f27,3,False,16374,0,0.0,0,0,0
1,007182398_00082,f27,3,True,16374,0,0.0,0,0,0
1,007182398_00106,f8,3,False,8977,0,0.0,0,0,0
1,007182398_00106,f27,3,False,10998,0,0.0,0,0,0
1,007182398_00106,f8,3,True,8977,0,0.0,0,0,0
1,007182398_00106,f27,3,True,10998,0,0.0,0,0,0
1,007182398_00117,f27,3,False,9147,0,0.0,0,0,0
1,007182398_00117,f27,3,True,9147,0,0.0,0,0,0
1,007182398_00119,f27,3,False,9047,0,0.0,0,0,0
1,007182398_00119,f27,3,True,9047,0,0.0,0,0,0
1,007182398_00121,f27,3,False,5670,0,0.0,0,0,0
1,007182398_00121,f30,3,False,11654,67,0.0057490990217950915,30,2,46
1,007182398_00121,f27,3,True,5670,0,0.0,0,0,0
1,007182398_00121,f30,3,True,11654,67,0.0057490990217950915,21,2,46
1,007182398_00132,f12,3,False,5025,0,0.0,0,0,0
1,007182398_00132,f27,3,False,6930,0,0.0,0,0,0
1,007182398_00132,f29,3,False,4445,1,0.0002249718785151856,1,1,1
1,007182398_00132,f12,3,True,5025,0,0.0,0,0,0
1,007182398_00132,f27,3,True,6930,0,0.0,0,0,0
1,007182398_00132,f29,3,True,4445,1,0.0002249718785151856,1,1,1
1,007182398_00161,f8,3,False,5516,18,0.0032632342277012327,18,1,18
1,007182398_00161,f27,3,False,7062,0,0.0,0,0,0
1,007182398_00161,f8,3,True,5516,39,0.007070340826686004,0,1,39
1,007182398_00161,f27,3,True,7062,0,0.0,0,0,0
1,007182398_00233,f8,3,False,6979,0,0.0,0,0,0
1,007182398_00233,f12,3,False,5179,113,0.021818883954431358,0,4,38
1,007182398_00233,f27,3,False,13792,0,0.0,0,0,0
1,007182398_00233,f8,3,True,6979,0,0.0,0,0,0
1,007182398_00233,f12,3,True,5179,113,0.021818883954431358,0,4,38
1,007182398_00233,f27,3,True,13792,0,0.0,0,0,0
1,007182398_00026,f8,6,False,8048,0,0.0,0,0,0
1,007182398_00034,f20,6,False,14490,0,0.0,0,0,0
1,007182398_00034,f27,6,False,27810,0,0.0,0,0,0
1,007182398_00082,f27,6,False,16374,0,0.0,0,0,0
1,007182398_00106,f8,6,False,8977,0,0.0,0,0,0
1,007182398_00106,f27,6,False,10998,0,0.0,0,0,0
1,007182398_00117,f27,6,False,9147,0,0.0,0,0,0
1,007182398_00119,f27,6,False,9047,0,0.0,0,0,0
1,007182398_00121,f27,6,False,5670,0,0.0,0,0,0
1,007182398_00121,f30,6,False,11654,50,0.004290372404324695,49,2,46
1,007182398_00132,f12,6,False,5025,0,0.0,0,0,0
1,007182398_00132,f27,6,False,6930,0,0.0,0,0,0
1,007182398_00132,f29,6,False,4445,0,0.0,0,0,0
1,007182398_00161,f8,6,False,5516,9,0.0016316171138506164,9,1,9
1,007182398_00161,f27,6,False,7062,0,0.0,0,0,0
1,007182398_00233,f8,6,False,6979,0,0.0,0,0,0
1,007182398_00233,f12,6,False,5179,107,0.02066035914269164,89,4,36
1,007182398_00233,f27,6,False,13792,0,0.0,0,0,0
104_1,100651536_00105,f0,0,False,56010,3,5.356186395286556e-05,3,1,3
104_1,100651536_00105,f1,0,False,48822,1,2.0482569333497195e-05,0,1,1
104_1,100651536_00105,f2,0,False,48792,84,0.001721593703885883,0,1,84
104_1,100651536_00105,f3,0,False,46452,71,0.0015284594850598467,0,17,6
104_1,100651536_00107,f1,0,False,98429,1836,0.018653039246563512,723,97,86
104_1,100651536_00208,f4,0,False,22214,0,0.0,0,0,0
104_1,100651536_00208,f5,0,False,20814,0,0.0,0,0,0
104_1,100651536_00208,f6,0,False,5545,0,0.0,0,0,0
104_1,100651536_00208,f7,0,False,30334,0,0.0,0,0,0
104_1,100651536_00208,f8,0,False,48218,0,0.0,0,0,0
104_1,100651536_00105,f0,3,False,56010,0,0.0,0,0,0
104_1,100651536_00105,f1,3,False,48822,0,0.0,0,0,0
104_1,100651536_00105,f2,3,False,48792,84,0.001721593703885883,0,1,84
104_1,100651536_00105,f3,3,False,46452,71,0.0015284594850598467,67,17,6
104_1,100651536_00105,f0,3,True,56010,0,0.0,0,0,0
104_1,100651536_00105,f1,3,True,48822,1,2.0482569333497195e-05,1,1,1
104_1,100651536_00105,f2,3,True,48792,84,0.001721593703885883,0,1,84
104_1,100651536_00105,f3,3,True,46452,71,0.0015284594850598467,12,17,6
104_1,100651536_00107,f1,3,False,98429,268,0.002722774791982038,268,37,18
104_1,100651536_00107,f1,3,True,98429,900,0.009143646689491918,896,63,62
104_1,100651536_00208,f4,3,False,22214,0,0.0,0,0,0
104_1,100651536_00208,f5,3,False,20814,0,0.0,0,0,0
104_1,100651536_00208,f6,3,False,5545,0,0.0,0,0,0
104_1,100651536_00208,f7,3,False,30334,0,0.0,0,0,0
104_1,100651536_00208,f8,3,False,48218,0,0.0,0,0,0
104_1,100651536_00208,f4,3,True,22214,0,0.0,0,0,0
104_1,100651536_00208,f5,3,True,20814,0,0.0,0,0,0
104_1,100651536_00208,f6,3,True,5545,0,0.0,0,0,0
104_1,100651536_00208,f7,3,True,30334,0,0.0,0,0,0
104_1,100651536_00208,f8,3,True,48218,0,0.0,0,0,0
104_1,100651536_00105,f0,6,False,56010,0,0.0,0,0,0
104_1,100651536_00105,f1,6,False,48822,0,0.0,0,0,0
104_1,100651536_00105,f2,6,False,48792,84,0.001721593703885883,5,1,84
104_1,100651536_00105,f3,6,False,46452,64,0.0013777662963919744,64,16,6
104_1,100651536_00107,f1,6,False,98429,0,0.0,0,0,0
104_1,100651536_00208,f4,6,False,22214,0,0.0,0,0,0
104_1,100651536_00208,f5,6,False,20814,0,0.0,0,0,0
104_1,100651536_00208,f6,6,False,5545,0,0.0,0,0,0
104_1,100651536_00208,f7,6,False,30334,0,0.0,0,0,0
104_1,100651536_00208,f8,6,False,48218,0,0.0,0,0,0
106,007675709_00025,f4,0,False,24006,418,0.0174123135882696,159,57,103
106,007675709_00027,f4,0,False,14688,391,0.02662037037037037,3,49,33
106,007675709_00029,f4,0,False,15940,281,0.017628607277289838,191,43,46
106,007675709_00031,f4,0,False,14350,359,0.025017421602787457,0,47,36
106,007675709_00035,f3,0,False,18953,136,0.00717564501662006,103,53,7
106,007675709_00035,f4,0,False,16879,371,0.0219799751170093,0,43,13
106,007675709_00041,f3,0,False,21198,93,0.004387206340220775,17,20,10
106,007675709_00043,f3,0,False,19430,350,0.018013381369016986,0,50,17
106,007675709_00058,f4,0,False,17975,436,0.024255910987482615,8,46,30
106,007675709_00062,f1,0,False,20280,159,0.007840236686390533,0,36,9
106,007675709_00062,f3,0,False,14868,283,0.019034167339252086,181,48,20
106,007675709_00062,f4,0,False,13913,104,0.007475023359447998,0,16,11
106,007675709_00025,f4,3,False,24006,183,0.007623094226443389,53,7,102
106,007675709_00025,f4,3,True,24006,204,0.00849787553111722,37,14,103
106,007675709_00027,f4,3,False,14688,359,0.024441721132897602,61,47,33
106,007675709_00027,f4,3,True,14688,382,0.026007625272331154,73,48,33
106,007675709_00029,f4,3,False,15940,34,0.002132998745294856,32,6,18
106,007675709_00029,f4,3,True,15940,60,0.0037641154328732747,13,7,46
106,007675709_00031,f4,3,False,14350,296,0.020627177700348432,262,43,25
106,007675709_00031,f4,3,True,14350,347,0.024181184668989546,252,48,36
106,007675709_00035,f3,3,False,18953,1,5.276209571044162e-05,1,1,1
106,007675709_00035,f4,3,False,16879,371,0.0219799751170093,353,43,13
106,007675709_00035,f3,3,True,18953,13,0.000685907244235741,13,2,10
106,007675709_00035,f4,3,True,16879,371,0.0219799751170093,353,43,13
106,007675709_00041,f3,3,False,21198,29,0.0013680535899613171,29,9,8
106,007675709_00041,f3,3,True,21198,55,0.002594584394754222,54,14,8
106,007675709_00043,f3,3,False,19430,325,0.016726711271230058,126,50,17
106,007675709_00043,f3,3,True,19430,350,0.018013381369016986,16,50,17
106,007675709_00058,f4,3,False,17975,400,0.022253129346314324,400,45,13
106,007675709_00058,f4,3,True,17975,430,0.0239221140472879,400,46,30
106,007675709_00062,f1,3,False,20280,152,0.007495069033530572,5,35,9
106,007675709_00062,f3,3,False,14868,188,0.012644605864944848,188,39,20
106,007675709_00062,f4,3,False,13913,104,0.007475023359447998,104,16,11
106,007675709_00062,f1,3,True,20280,159,0.007840236686390533,0,36,9
106,007675709_00062,f3,3,True,14868,255,0.01715092816787732,255,44,20
106,007675709_00062,f4,3,True,13913,104,0.007475023359447998,104,16,11
106,007675709_00025,f4,6,False,24006,165,0.006873281679580105,109,7,89
106,007675709_00027,f4,6,False,14688,335,0.02280773420479303,219,45,30
106,007675709_00029,f4,6,False,15940,12,0.000752823086574655,11,2,11
106,007675709_00031,f4,6,False,14350,94,0.006550522648083624,82,19,16
106,007675709_00035,f3,6,False,18953,0,0.0,0,0,0
106,007675709_00035,f4,6,False,16879,176,0.010427158006990936,176,30,11
106,007675709_00041,f3,6,False,21198,2,9.434852344560808e-05,2,1,2
106,007675709_00043,f3,6,False,19430,250,0.012866700977869275,215,41,17
106,007675709_00058,f4,6,False,17975,258,0.01435326842837274,258,36,13
106,007675709_00062,f1,6,False,20280,145,0.0071499013806706115,11,34,9
106,007675709_00062,f3,6,False,14868,18,0.0012106537530266344,18,1,18
106,007675709_00062,f4,6,False,13913,0,0.0,0,0,0
107,004284105_00020,f1,0,False,756,0,0.0,0,0,0
107,004284105_00107,f1,0,False,692,0,0.0,0,0,0
107,004284105_00186,f1,0,False,1010,0,0.0,0,0,0
107,004284105_00209,f1,0,False,695,0,0.0,0,0,0
107,004284105_00284,f1,0,False,1197,17,0.014202172096908938,0,4,6
107,004284105_00285,f1,0,False,1324,0,0.0,0,0,0
107,004284105_00308,f1,0,False,1386,0,0.0,0,0,0
107,004284105_00332,f1,0,False,687,0,0.0,0,0,0
107,004284105_00332,f2,0,False,10568,0,0.0,0,0,0
107,004284105_00332,f4,0,False,10291,0,0.0,0,0,0
107,004284105_00332,f5,0,False,1484,0,0.0,0,0,0
107,004470455_00087,f1,0,False,1120,0,0.0,0,0,0
107,004470455_00187,f1,0,False,1010,0,0.0,0,0,0
107,004284105_00020,f1,3,False,756,0,0.0,0,0,0
107,004284105_00020,f1,3,True,756,0,0.0,0,0,0
107,004284105_00107,f1,3,False,692,0,0.0,0,0,0
107,004284105_00107,f1,3,True,692,0,0.0,0,0,0
107,004284105_00186,f1,3,False,1010,0,0.0,0,0,0
107,004284105_00186,f1,3,True,1010,0,0.0,0,0,0
107,004284105_00209,f1,3,False,695,0,0.0,0,0,0
107,004284105_00209,f1,3,True,695,0,0.0,0,0,0
107,004284105_00284,f1,3,False,1197,17,0.014202172096908938,0,4,6
107,004284105_00284,f1,3,True,1197,17,0.014202172096908938,0,4,6
107,004284105_00285,f1,3,False,1324,0,0.0,0,0,0
107,004284105_00285,f1,3,True,1324,0,0.0,0,0,0
107,004284105_00308,f1,3,False,1386,0,0.0,0,0,0
107,004284105_00308,f1,3,True,1386,0,0.0,0,0,0
107,004284105_00332,f1,3,False,687,0,0.0,0,0,0
107,004284105_00332,f2,3,False,10568,0,0.0,0,0,0
107,004284105_00332,f4,3,False,10291,0,0.0,0,0,0
107,004284105_00332,f5,3,False,1484,0,0.0,0,0,0
107,004284105_00332,f1,3,True,687,0,0.0,0,0,0
107,004284105_00332,f2,3,True,10568,0,0.0,0,0,0
107,004284105_00332,f4,3,True,10291,0,0.0,0,0,0
107,004284105_00332,f5,3,True,1484,0,0.0,0,0,0
107,004470455_00087,f1,3,False,1120,0,0.0,0,0,0
107,004470455_00087,f1,3,True,1120,0,0.0,0,0,0
107,004470455_00187,f1,3,False,1010,0,0.0,0,0,0
107,004470455_00187,f1,3,True,1010,0,0.0,0,0,0
107,004284105_00020,f1,6,False,756,0,0.0,0,0,0
107,004284105_00107,f1,6,False,692,0,0.0,0,0,0
107,004284105_00186,f1,6,False,1010,0,0.0,0,0,0
107,004284105_00209,f1,6,False,695,0,0.0,0,0,0
107,004284105_00284,f1,6,False,1197,17,0.014202172096908938,0,4,6
107,004284105_00285,f1,6,False,1324,0,0.0,0,0,0
107,004284105_00308,f1,6,False,1386,0,0.0,0,0,0
107,004284105_00332,f1,6,False,687,0,0.0,0,0,0
107,004284105_00332,f2,6,False,10568,0,0.0,0,0,0
107,004284105_00332,f4,6,False,10291,0,0.0,0,0,0
107,004284105_00332,f5,6,False,1484,0,0.0,0,0,0
107,004470455_00087,f1,6,False,1120,0,0.0,0,0,0
107,004470455_00187,f1,6,False,1010,0,0.0,0,0,0
108,007372205_00072,f0,0,False,4894,0,0.0,0,0,0
108,007372205_00166,f0,0,False,2458,0,0.0,0,0,0
108,007372205_00181,f0,0,False,6730,0,0.0,0,0,0
108,007372205_00184,f0,0,False,3993,0,0.0,0,0,0
108,007372205_00193,f0,0,False,5475,0,0.0,0,0,0
108,007372205_00193,f3,0,False,495,0,0.0,0,0,0
108,007372205_00203,f0,0,False,4888,0,0.0,0,0,0
108,007372205_00072,f0,3,False,4894,0,0.0,0,0,0
108,007372205_00072,f0,3,True,4894,0,0.0,0,0,0
108,007372205_00166,f0,3,False,2458,0,0.0,0,0,0
108,007372205_00166,f0,3,True,2458,0,0.0,0,0,0
108,007372205_00181,f0,3,False,6730,0,0.0,0,0,0
108,007372205_00181,f0,3,True,6730,0,0.0,0,0,0
108,007372205_00184,f0,3,False,3993,0,0.0,0,0,0
108,007372205_00184,f0,3,True,3993,0,0.0,0,0,0
108,007372205_00193,f0,3,False,5475,0,0.0,0,0,0
108,007372205_00193,f3,3,False,495,0,0.0,0,0,0
108,007372205_00193,f0,3,True,5475,0,0.0,0,0,0
108,007372205_00193,f3,3,True,495,0,0.0,0,0,0
108,007372205_00203,f0,3,False,4888,0,0.0,0,0,0
108,007372205_00203,f0,3,True,4888,0,0.0,0,0,0
108,007372205_00072,f0,6,False,4894,0,0.0,0,0,0
108,007372205_00166,f0,6,False,2458,0,0.0,0,0,0
108,007372205_00181,f0,6,False,6730,0,0.0,0,0,0
108,007372205_00184,f0,6,False,3993,0,0.0,0,0,0
108,007372205_00193,f0,6,False,5475,0,0.0,0,0,0
108,007372205_00193,f3,6,False,495,0,0.0,0,0,0
108,007372205_00203,f0,6,False,4888,0,0.0,0,0,0
131,100651536_00018,f57,0,False,48512,930,0.019170514511873352,0,27,49
131,100651536_00018,f58,0,False,100572,2536,0.02521576581951239,171,76,119
131,100651536_00018,f59,0,False,42590,612,0.014369570321671753,0,25,53
131,100651536_00020,f25,0,False,695402,3233,0.004649109435980915,0,69,725
131,100651536_00020,f26,0,False,684937,1117,0.001630806920928494,0,37,626
131,100651536_00020,f27,0,False,695984,1074,0.001543138922733856,0,33,629
131,100651536_00020,f28,0,False,696168,1486,0.0021345422369313154,0,32,637
131,100651536_00020,f29,0,False,709695,1269,0.0017880920677192315,0,30,447
131,100651536_00020,f30,0,False,743401,1193,0.0016047866494664387,0,22,612
131,100651536_00020,f31,0,False,704237,1584,0.002249242797524129,0,37,558
131,100651536_00020,f32,0,False,682557,1703,0.0024950297191296844,158,44,557
131,100651536_00020,f33,0,False,725422,1862,0.0025667818180314353,0,31,666
131,100651536_00020,f34,0,False,699259,1700,0.002431144969174512,186,38,669
131,100651536_00020,f35,0,False,733747,1669,0.0022746259950636935,149,35,496
131,100651536_00020,f36,0,False,721498,1799,0.002493423405193084,120,29,673
131,100651536_00020,f37,0,False,692680,1706,0.002462897730553791,0,36,703
131,100651536_00020,f38,0,False,730993,1918,0.002623828135153141,0,40,682
131,100651536_00020,f39,0,False,757307,1937,0.0025577473864628214,304,39,677
131,100651536_00020,f40,0,False,687570,1973,0.0028695260118969707,13,39,679
131,100651536_00020,f41,0,False,696206,1837,0.0026385868550400315,7,39,643
131,100651536_00020,f42,0,False,723133,1994,0.0027574457257516943,23,43,638
131,100651536_00020,f43,0,False,670458,1920,0.0028637140581512935,18,46,644
131,100651536_00020,f44,0,False,680729,2213,0.003250926580180953,30,51,632
131,100651536_00020,f45,0,False,675060,2671,0.003956685331674222,7,35,670
131,100651536_00020,f46,0,False,680675,3283,0.0048231534873471186,52,25,687
131,100651536_00020,f47,0,False,670126,2762,0.004121612950400372,46,41,669
131,100651536_00020,f48,0,False,701978,2879,0.004101268130910086,9,59,639
131,100651536_00020,f49,0,False,597772,1773,0.002966013797902879,0,57,401
131,100651536_00020,f57,0,False,48715,444,0.009114235861644258,0,49,19
131,100651536_00020,f58,0,False,101593,2366,0.023289006132312266,99,69,108
131,100651536_00020,f59,0,False,42317,3021,0.07138974880071838,405,76,53
131,100651536_00022,f28,0,False,721879,3195,0.004425949501232201,0,43,711
131,100651536_00022,f29,0,False,716686,1255,0.0017511155513014068,1,32,442
131,100651536_00022,f30,0,False,754816,1541,0.0020415571477022214,0,21,620
131,100651536_00022,f31,0,False,730610,1096,0.0015001163411395956,152,28,522
131,100651536_00022,f32,0,False,708291,1197,0.0016899833542992923,0,28,522
131,100651536_00022,f33,0,False,716018,1489,0.002079556659190132,160,43,636
131,100651536_00022,f34,0,False,706629,1636,0.0023152177450967907,140,30,632
131,100651536_00022,f35,0,False,736605,1407,0.0019101146476062476,136,36,487
131,100651536_00022,f36,0,False,734646,1594,0.002169752506649461,0,36,666
131,100651536_00022,f37,0,False,698492,1663,0.0023808433024286608,0,40,686
131,100651536_00022,f38,0,False,716420,1831,0.002555763379023478,283,40,659
131,100651536_00022,f39,0,False,771765,1886,0.0024437490686931903,0,36,669
131,100651536_00022,f40,0,False,708978,1920,0.002708123524284251,8,42,657
131,100651536_00022,f41,0,False,677291,1916,0.0028289169647906145,0,28,634
131,100651536_00022,f42,0,False,707152,1908,0.0026981469330497544,0,57,641
131,100651536_00022,f43,0,False,678820,2204,0.0032468106419964054,0,57,673
131,100651536_00022,f44,0,False,694387,2084,0.003001208259947263,13,63,635
131,100651536_00022,f45,0,False,716236,2201,0.0030730094549841114,0,77,645
131,100651536_00022,f46,0,False,707702,2451,0.0034633221327620947,0,80,695
131,100651536_00022,f47,0,False,699912,2267,0.0032389786144543884,24,83,679
131,100651536_00022,f48,0,False,745006,2494,0.0033476240459808376,0,70,645
131,100651536_00022,f49,0,False,630045,2885,0.0045790380052218495,0,144,633
131,100651536_00022,f57,0,False,49222,3527,0.07165495103815367,183,87,53
131,100651536_00022,f58,0,False,101557,3647,0.03591086778853255,404,86,109
131,100651536_00022,f59,0,False,42264,3287,0.07777304561802006,0,74,58
131,100651536_00024,f57,0,False,50650,1040,0.020533070088845015,0,66,50
131,100651536_00024,f58,0,False,90252,3266,0.03618756371049949,174,87,95
131,100651536_00024,f59,0,False,44142,1579,0.03577092111820941,187,80,29
131,100651536_00024,f60,0,False,155061,4438,0.02862099431836503,51,83,209
131,100660788_00363,f50,0,False,11100,103,0.00927927927927928,27,18,12
131,100660788_00363,f58,0,False,48031,4466,0.09298161603964107,0,84,486
131,100660788_00363,f59,0,False,45012,3857,0.08568826090820225,0,78,63
131,101023529_00047,f50,0,False,12100,709,0.05859504132231405,124,13,128
131,101023529_00047,f60,0,False,79212,868,0.010957935666313185,0,48,54
131,101023529_00081,f51,0,False,11952,112,0.009370816599732263,31,17,24
131,101023529_00081,f70,0,False,55468,1532,0.027619528376721714,0,64,353
131,101023529_00159,f51,0,False,9760,669,0.06854508196721311,206,14,258
131,100651536_00018,f57,3,False,48512,930,0.019170514511873352,0,27,49
131,100651536_00018,f58,3,False,100572,2206,0.02193453446287237,1357,79,115
131,100651536_00018,f59,3,False,42590,612,0.014369570321671753,0,25,53
131,100651536_00018,f57,3,True,48512,930,0.019170514511873352,0,27,49
131,100651536_00018,f58,3,True,100572,2517,0.02502684643837251,926,76,119
131,100651536_00018,f59,3,True,42590,612,0.014369570321671753,0,25,53
131,100651536_00020,f25,3,False,695402,3209,0.00461459702445492,113,71,725
131,100651536_00020,f26,3,False,684937,1117,0.001630806920928494,0,37,626
131,100651536_00020,f27,3,False,695984,1074,0.001543138922733856,0,33,629
131,100651536_00020,f28,3,False,696168,1486,0.0021345422369313154,0,32,637
131,100651536_00020,f29,3,False,709695,1269,0.0017880920677192315,0,30,447
131,100651536_00020,f30,3,False,743401,1180,0.0015872994521126552,136,22,599
131,100651536_00020,f31,3,False,704237,1522,0.002161204253681644,299,37,496
131,100651536_00020,f32,3,False,682557,1631,0.002389544023429545,238,45,484
131,100651536_00020,f33,3,False,725422,1824,0.0025143985156226307,205,32,468
131,100651536_00020,f34,3,False,699259,1606,0.002296716953231921,330,38,475
131,100651536_00020,f35,3,False,733747,1588,0.002164233720887445,277,36,456
131,100651536_00020,f36,3,False,721498,1741,0.0024130351019684046,145,30,614
131,100651536_00020,f37,3,False,692680,1704,0.0024600103944101173,41,36,703
131,100651536_00020,f38,3,False,730993,1905,0.002606044107125513,36,39,682
131,100651536_00020,f39,3,False,757307,1732,0.0022870513543384653,405,39,507
131,100651536_00020,f40,3,False,687570,1938,0.0028186221039312362,44,37,679
131,100651536_00020,f41,3,False,696206,1782,0.002559587248601707,229,40,600
131,100651536_00020,f42,3,False,723133,1976,0.0027325540391601546,172,43,633
131,100651536_00020,f43,3,False,670458,1907,0.0028443243275492274,16,45,644
131,100651536_00020,f44,3,False,680729,2192,0.003220077299483348,85,49,632
131,100651536_00020,f45,3,False,675060,2620,0.0038811364915711196,148,35,670
131,100651536_00020,f46,3,False,680675,3241,0.00476145003121901,111,25,687
131,100651536_00020,f47,3,False,670126,2672,0.00398730984919254,178,43,669
131,100651536_00020,f48,3,False,701978,2783,0.003964511708344136,124,58,639
131,100651536_00020,f49,3,False,597772,1773,0.002966013797902879,14,57,401
131,100651536_00020,f57,3,False,48715,444,0.009114235861644258,10,49,19
131,100651536_00020,f58,3,False,101593,1973,0.019420629374071047,703,57,108
131,100651536_00020,f59,3,False,42317,2339,0.055273294420682,1554,87,53
131,100651536_00020,f25,3,True,695402,3227,0.004640481333099416,94,69,725
131,100651536_00020,f26,3,True,684937,1117,0.001630806920928494,0,37,626
131,100651536_00020,f27,3,True,695984,1074,0.001543138922733856,0,33,629
131,100651536_00020,f28,3,True,696168,1486,0.0021345422369313154,0,32,637
131,100651536_00020,f29,3,True,709695,1269,0.0017880920677192315,0,30,447
131,100651536_00020,f30,3,True,743401,1193,0.0016047866494664387,0,22,612
131,100651536_00020,f31,3,True,704237,1584,0.002249242797524129,0,37,558
131,100651536_00020,f32,3,True,682557,1711,0.0025067503519852555,0,44,565
131,100651536_00020,f33,3,True,725422,1862,0.0025667818180314353,0,31,666
131,100651536_00020,f34,3,True,699259,1708,0.0024425856513823918,0,37,678
131,100651536_00020,f35,3,True,733747,1677,0.002285528935723076,1,35,504
131,100651536_00020,f36,3,True,721498,1810,0.002508669462701213,0,29,684
131,100651536_00020,f37,3,True,692680,1706,0.002462897730553791,8,36,703
131,100651536_00020,f38,3,True,730993,1918,0.002623828135153141,11,40,682
131,100651536_00020,f39,3,True,757307,1923,0.002539260828171402,33,37,681
131,100651536_00020,f40,3,True,687570,1960,0.0028506188460811262,50,37,679
131,100651536_00020,f41,3,True,696206,1837,0.0026385868550400315,83,39,643
131,100651536_00020,f42,3,True,723133,1994,0.0027574457257516943,34,43,638
131,100651536_00020,f43,3,True,670458,1921,0.002865205575889914,0,46,644
131,100651536_00020,f44,3,True,680729,2218,0.003258271647013716,0,51,632
131,100651536_00020,f45,3,True,675060,2671,0.003956685331674222,3,35,670
131,100651536_00020,f46,3,True,680675,3285,0.0048260917471627425,132,25,687
131,100651536_00020,f47,3,True,670126,2746,0.00409773684351898,150,41,669
131,100651536_00020,f48,3,True,701978,2865,0.0040813244859525515,48,62,639
131,100651536_00020,f49,3,True,597772,1773,0.002966013797902879,7,57,401
131,100651536_00020,f57,3,True,48715,444,0.009114235861644258,0,49,19
131,100651536_00020,f58,3,True,101593,2233,0.021979860817182287,360,72,108
131,100651536_00020,f59,3,True,42317,2855,0.06746697544721979,883,77,53
131,100651536_00022,f28,3,False,721879,3173,0.004395473479627472,142,42,711
131,100651536_00022,f29,3,False,716686,1254,0.0017497202401051506,128,31,442
131,100651536_00022,f30,3,False,754816,1449,0.0019196731388841785,271,22,529
131,100651536_00022,f31,3,False,730610,1018,0.0013933562365694419,144,29,411
131,100651536_00022,f32,3,False,708291,1167,0.0016476278817604629,264,28,497
131,100651536_00022,f33,3,False,716018,1362,0.0019021868165325453,306,43,548
131,100651536_00022,f34,3,False,706629,1542,0.002182191786637684,353,32,518
131,100651536_00022,f35,3,False,736605,1357,0.0018422356622613204,164,37,451
131,100651536_00022,f36,3,False,734646,1594,0.002169752506649461,21,36,666
131,100651536_00022,f37,3,False,698492,1663,0.0023808433024286608,29,40,686
131,100651536_00022,f38,3,False,716420,1688,0.0023561597945339326,530,39,659
131,100651536_00022,f39,3,False,771765,1847,0.0023932155513660246,47,33,669
131,100651536_00022,f40,3,False,708978,1855,0.0026164422591392115,262,37,657
131,100651536_00022,f41,3,False,677291,1872,0.002763952274576216,166,28,625
131,100651536_00022,f42,3,False,707152,1887,0.0026684503473086408,16,54,641
131,100651536_00022,f43,3,False,678820,2187,0.0032217671842314603,130,54,673
131,100651536_00022,f44,3,False,694387,2054,0.002958004686147638,139,59,635
131,100651536_00022,f45,3,False,716236,2196,0.003066028515740622,26,76,645
131,100651536_00022,f46,3,False,707702,2433,0.003437887698494564,48,76,695
131,100651536_00022,f47,3,False,699912,2260,0.003228977357153471,64,83,679
131,100651536_00022,f48,3,False,745006,2468,0.003312724998187934,26,68,645
131,100651536_00022,f49,3,False,630045,2885,0.0045790380052218495,0,144,633
131,100651536_00022,f57,3,False,49222,2650,0.0538377148429564,1130,90,53
131,100651536_00022,f58,3,False,101557,2646,0.0260543340193192,1476,89,109
131,100651536_00022,f59,3,False,42264,3287,0.07777304561802006,0,74,58
131,100651536_00022,f28,3,True,721879,3191,0.004420408406394977,15,43,711
131,100651536_00022,f29,3,True,716686,1254,0.0017497202401051506,0,31,442
131,100651536_00022,f30,3,True,754816,1541,0.0020415571477022214,0,21,620
131,100651536_00022,f31,3,True,730610,1105,0.0015124348147438442,0,28,531
131,100651536_00022,f32,3,True,708291,1197,0.0016899833542992923,0,28,522
131,100651536_00022,f33,3,True,716018,1495,0.0020879363367960024,1,43,642
131,100651536_00022,f34,3,True,706629,1645,0.0023279542730343648,8,30,641
131,100651536_00022,f35,3,True,736605,1417,0.001923690444675233,6,36,497
131,100651536_00022,f36,3,True,734646,1594,0.002169752506649461,0,36,666
131,100651536_00022,f37,3,True,698492,1663,0.0023808433024286608,3,40,686
131,100651536_00022,f38,3,True,716420,1831,0.002555763379023478,13,39,659
131,100651536_00022,f39,3,True,771765,1877,0.0024320874877715366,17,35,669
131,100651536_00022,f40,3,True,708978,1916,0.002702481600275326,25,41,657
131,100651536_00022,f41,3,True,677291,1913,0.002824487554094178,17,27,634
131,100651536_00022,f42,3,True,707152,1902,0.002689662194266579,12,56,641
131,100651536_00022,f43,3,True,678820,2201,0.00324239120827318,14,57,673
131,100651536_00022,f44,3,True,694387,2077,0.002991127426060684,9,62,635
131,100651536_00022,f45,3,True,716236,2201,0.0030730094549841114,2,77,645
131,100651536_00022,f46,3,True,707702,2446,0.0034562570121322253,32,78,695
131,100651536_00022,f47,3,True,699912,2265,0.003236121112368412,61,83,679
131,100651536_00022,f48,3,True,745006,2494,0.0033476240459808376,51,70,645
131,100651536_00022,f49,3,True,630045,2885,0.0045790380052218495,0,144,633
131,100651536_00022,f57,3,True,49222,3289,0.06681971476169192,626,88,53
131,100651536_00022,f58,3,True,101557,3376,0.03324241558927499,902,87,109
131,100651536_00022,f59,3,True,42264,3287,0.07777304561802006,0,74,58
131,100651536_00024,f57,3,False,50650,1040,0.020533070088845015,8,66,50
131,100651536_00024,f58,3,False,90252,2637,0.029218189070602314,1309,92,95
131,100651536_00024,f59,3,False,44142,1270,0.028770785193239997,794,79,28
131,100651536_00024,f60,3,False,155061,4341,0.02799543405498481,1205,85,209
131,100651536_00024,f57,3,True,50650,1040,0.020533070088845015,0,66,50
131,100651536_00024,f58,3,True,90252,3085,0.03418206798741302,796,89,95
131,100651536_00024,f59,3,True,44142,1508,0.03416247564677631,487,79,29
131,100651536_00024,f60,3,True,155061,4436,0.028608096168604612,298,83,209
131,100660788_00363,f50,3,False,11100,83,0.007477477477477477,34,13,12
131,100660788_00363,f58,3,False,48031,4466,0.09298161603964107,4,84,486
131,100660788_00363,f59,3,False,45012,3857,0.08568826090820225,0,78,63
131,100660788_00363,f50,3,True,11100,91,0.008198198198198198,36,14,12
131,100660788_00363,f58,3,True,48031,4466,0.09298161603964107,0,84,486
131,100660788_00363,f59,3,True,45012,3857,0.08568826090820225,0,78,63
131,101023529_00047,f50,3,False,12100,675,0.05578512396694215,675,13,109
131,101023529_00047,f60,3,False,79212,868,0.010957935666313185,65,48,54
131,101023529_00047,f50,3,True,12100,708,0.058512396694214874,654,13,127
131,101023529_00047,f60,3,True,79212,868,0.010957935666313185,49,48,54
131,101023529_00081,f51,3,False,11952,11,0.0009203480589022757,11,3,4
131,101023529_00081,f70,3,False,55468,1514,0.027295016946708012,123,64,353
131,101023529_00081,f51,3,True,11952,41,0.003430388219544846,24,7,15
131,101023529_00081,f70,3,True,55468,1532,0.027619528376721714,44,64,353
131,101023529_00159,f51,3,False,9760,204,0.020901639344262295,204,17,21
131,101023529_00159,f51,3,True,9760,363,0.037192622950819675,331,18,46
131,100651536_00018,f57,6,False,48512,930,0.019170514511873352,261,27,49
131,100651536_00018,f58,6,False,100572,1053,0.010470110965278607,821,61,77
131,100651536_00018,f59,6,False,42590,612,0.014369570321671753,0,25,53
131,100651536_00020,f25,6,False,695402,3145,0.004522563927052266,194,70,725
131,100651536_00020,f26,6,False,684937,1115,0.0016278869443467063,73,37,626
131,100651536_00020,f27,6,False,695984,1074,0.001543138922733856,103,33,629
131,100651536_00020,f28,6,False,696168,1485,0.0021331058020477816,116,32,636
131,100651536_00020,f29,6,False,709695,1225,0.0017260936035902747,302,31,420
131,100651536_00020,f30,6,False,743401,1089,0.0014648890706361708,371,23,495
131,100651536_00020,f31,6,False,704237,1395,0.001980867236455909,333,38,423
131,100651536_00020,f32,6,False,682557,1519,0.0022254551634515504,333,44,467
131,100651536_00020,f33,6,False,725422,1695,0.0023365709890243195,339,34,457
131,100651536_00020,f34,6,False,699259,1460,0.00208792450293811,508,38,464
131,100651536_00020,f35,6,False,733747,1494,0.0020361241681396995,433,36,426
131,100651536_00020,f36,6,False,721498,1622,0.00224810047983501,542,30,545
131,100651536_00020,f37,6,False,692680,1697,0.002449904717907259,62,34,703
131,100651536_00020,f38,6,False,730993,1882,0.0025745800575381708,18,36,682
131,100651536_00020,f39,6,False,757307,1519,0.002005791574619012,354,36,507
131,100651536_00020,f40,6,False,687570,1886,0.0027429934406678594,3,30,679
131,100651536_00020,f41,6,False,696206,1654,0.002375733619072516,435,39,582
131,100651536_00020,f42,6,False,723133,1917,0.002650964621998996,194,44,607
131,100651536_00020,f43,6,False,670458,1870,0.00278913817122027,240,43,644
131,100651536_00020,f44,6,False,680729,2182,0.003205387165817822,194,49,632
131,100651536_00020,f45,6,False,675060,2590,0.0038366959973928244,255,35,660
131,100651536_00020,f46,6,False,680675,3189,0.004685055276012782,429,25,687
131,100651536_00020,f47,6,False,670126,2532,0.003778393913980356,389,43,640
131,100651536_00020,f48,6,False,701978,2644,0.0037664998048371886,74,61,639
131,100651536_00020,f49,6,False,597772,1718,0.0028740054736588532,105,59,401
131,100651536_00020,f57,6,False,48715,444,0.009114235861644258,47,49,19
131,100651536_00020,f58,6,False,101593,1244,0.012244938135501461,793,43,108
131,100651536_00020,f59,6,False,42317,1352,0.03194933478271144,1258,63,52
131,100651536_00022,f28,6,False,721879,3111,0.004309586509650509,210,42,711
131,100651536_00022,f29,6,False,716686,1197,0.0016701875019185528,371,31,423
131,100651536_00022,f30,6,False,754816,1349,0.0017871905206036968,293,23,385
131,100651536_00022,f31,6,False,730610,940,0.0012865961319992883,325,30,368
131,100651536_00022,f32,6,False,708291,1077,0.0015205614641439747,322,28,448
131,100651536_00022,f33,6,False,716018,1156,0.0016144845520643335,457,48,314
131,100651536_00022,f34,6,False,706629,1337,0.0018920819836151645,300,29,493
131,100651536_00022,f35,6,False,736605,1180,0.0016019440541402787,499,36,385
131,100651536_00022,f36,6,False,734646,1566,0.002131638911802419,21,32,666
131,100651536_00022,f37,6,False,698492,1642,0.0023507785343282388,23,37,686
131,100651536_00022,f38,6,False,716420,1486,0.002074202283576673,360,35,659
131,100651536_00022,f39,6,False,771765,1824,0.002363413733455132,54,30,669
131,100651536_00022,f40,6,False,708978,1750,0.0024683417539049166,334,35,657
131,100651536_00022,f41,6,False,677291,1808,0.0026694581797189094,193,25,551
131,100651536_00022,f42,6,False,707152,1872,0.0026472385003507024,77,48,641
131,100651536_00022,f43,6,False,678820,2132,0.0031407442326389914,192,51,673
131,100651536_00022,f44,6,False,694387,1992,0.0028687173002950803,148,59,635
131,100651536_00022,f45,6,False,716236,2173,0.00303391619522057,220,75,636
131,100651536_00022,f46,6,False,707702,2410,0.0034053881435971638,122,75,695
131,100651536_00022,f47,6,False,699912,2200,0.003143252294574175,26,78,679
131,100651536_00022,f48,6,False,745006,2443,0.003279168221463988,15,66,645
131,100651536_00022,f49,6,False,630045,2885,0.0045790380052218495,77,144,633
131,100651536_00022,f57,6,False,49222,1603,0.03256673845028646,1123,60,53
131,100651536_00022,f58,6,False,101557,1615,0.015902399637641916,1161,56,109
131,100651536_00022,f59,6,False,42264,3287,0.07777304561802006,0,74,58
131,100651536_00024,f57,6,False,50650,1030,0.02033563672260612,71,64,50
131,100651536_00024,f58,6,False,90252,1670,0.018503745069361345,1147,65,53
131,100651536_00024,f59,6,False,44142,668,0.01513297992841285,512,45,28
131,100651536_00024,f60,6,False,155061,3864,0.02491922533712539,2552,91,197
131,100660788_00363,f50,6,False,11100,50,0.0045045045045045045,3,6,12
131,100660788_00363,f58,6,False,48031,4466,0.09298161603964107,17,84,486
131,100660788_00363,f59,6,False,45012,3857,0.08568826090820225,0,78,63
131,101023529_00047,f50,6,False,12100,234,0.019338842975206612,234,14,40
131,101023529_00047,f60,6,False,79212,758,0.009569257183255062,337,45,51
131,101023529_00081,f51,6,False,11952,0,0.0,0,0,0
131,101023529_00081,f70,6,False,55468,1438,0.02592485757553905,437,62,336
131,101023529_00159,f51,6,False,9760,0,0.0,0,0,0
132,007540939_00018,f46,0,False,4440,203,0.04572072072072072,0,12,28
132,007540939_00045,f46,0,False,4177,4024,0.9633708403160163,1844,1,4024
132,007540939_00045,f48,0,False,16950,1141,0.06731563421828908,700,57,344
132,007540939_00045,f49,0,False,20766,261,0.012568621785611096,110,106,13
132,007540939_00045,f50,0,False,3192,1,0.0003132832080200501,0,1,1
132,007540939_00045,f51,0,False,37447,667,0.017811840734905333,389,251,59
132,007540939_00045,f52,0,False,37062,3781,0.10201823970643786,1929,866,66
132,007540939_00045,f53,0,False,30324,3581,0.1180912808336631,1610,796,116
132,007540939_00045,f54,0,False,20777,3134,0.15083987101121432,1193,656,234
132,007540939_00054,f46,0,False,4403,189,0.04292527821939587,189,15,103
132,007540939_00093,f46,0,False,5906,680,0.11513714866237724,352,48,209
132,007540939_00093,f54,0,False,40836,1037,0.025394259966696052,276,117,38
132,007540939_00097,f49,0,False,21948,389,0.017723710588664114,185,44,14
132,007540939_00111,f47,0,False,4185,451,0.10776583034647551,412,48,53
132,007540939_00111,f55,0,False,27598,1716,0.06217841872599464,504,249,75
132,007540939_00111,f56,0,False,23901,3213,0.1344295217773315,1186,204,514
132,007540939_00126,f47,0,False,4544,111,0.02442781690140845,97,21,21
132,007540939_00126,f50,0,False,16277,1226,0.07532100509921975,90,36,306
132,007540939_00126,f51,0,False,17062,1109,0.06499824170671668,109,69,255
132,007540939_00126,f52,0,False,2438,6,0.002461033634126333,4,3,2
132,007540939_00126,f53,0,False,31376,2045,0.06517720550739418,548,98,913
132,007540939_00126,f54,0,False,20481,189,0.009228065035886919,0,107,5
132,007540939_00126,f55,0,False,27598,611,0.022139285455467787,0,195,194
132,007540939_00126,f56,0,False,25095,1007,0.040127515441322974,0,324,19
132,007540939_00183,f47,0,False,4256,52,0.012218045112781954,29,31,5
132,007540939_00212,f48,0,False,14578,849,0.05823844148717245,592,65,57
132,007540939_00212,f49,0,False,15855,791,0.04988962472406181,487,111,28
132,007540939_00212,f50,0,False,3074,15,0.004879635653871178,15,3,10
132,007540939_00212,f53,0,False,13534,821,0.06066203635288902,315,167,29
132,007540939_00212,f54,0,False,13371,446,0.033355769949891555,120,105,35
132,007540939_00212,f55,0,False,13676,841,0.061494589061128986,221,147,14
132,007540939_00398,f46,0,False,5600,312,0.055714285714285716,270,49,43
132,007540939_00398,f48,0,False,18060,1336,0.07397563676633444,724,46,321
132,007540939_00398,f49,0,False,12258,1224,0.09985315712187959,670,50,161
132,007540939_00398,f50,0,False,3538,10,0.002826455624646693,6,6,4
132,007540939_00398,f51,0,False,15255,749,0.0490986561783022,355,61,231
132,007540939_00398,f53,0,False,19706,9112,0.46239723941946614,3283,491,1520
132,007540939_00018,f46,3,False,4440,203,0.04572072072072072,0,12,28
132,007540939_00018,f46,3,True,4440,203,0.04572072072072072,0,12,28
132,007540939_00045,f46,3,False,4177,2369,0.5671534594206368,1690,2,2363
132,007540939_00045,f48,3,False,16950,53,0.003126843657817109,45,29,6
132,007540939_00045,f49,3,False,20766,74,0.00356351728787441,31,35,13
132,007540939_00045,f50,3,False,3192,1,0.0003132832080200501,0,1,1
132,007540939_00045,f51,3,False,37447,272,0.00726359922023126,95,182,25
132,007540939_00045,f52,3,False,37062,583,0.01573039771194215,501,257,22
132,007540939_00045,f53,3,False,30324,855,0.02819548872180451,813,191,40
132,007540939_00045,f54,3,False,20777,1442,0.06940366751696588,1425,208,43
132,007540939_00045,f46,3,True,4177,2659,0.6365812784294949,1016,10,2583
132,007540939_00045,f48,3,True,16950,131,0.007728613569321534,121,65,8
132,007540939_00045,f49,3,True,20766,91,0.004382163151305018,37,40,13
132,007540939_00045,f50,3,True,3192,1,0.0003132832080200501,0,1,1
132,007540939_00045,f51,3,True,37447,313,0.008358479985045532,86,190,47
132,007540939_00045,f52,3,True,37062,1105,0.02981490475419567,924,393,39
132,007540939_00045,f53,3,True,30324,1414,0.04662973222530009,1328,290,108
132,007540939_00045,f54,3,True,20777,1866,0.08981084853443712,1218,308,43
132,007540939_00054,f46,3,False,4403,0,0.0,0,0,0
132,007540939_00054,f46,3,True,4403,4,0.0009084714967067908,4,2,2
132,007540939_00093,f46,3,False,5906,278,0.047070775482560105,278,31,50
132,007540939_00093,f54,3,False,40836,207,0.005069056714663532,168,43,13
132,007540939_00093,f46,3,True,5906,410,0.06942092786996275,366,35,110
132,007540939_00093,f54,3,True,40836,399,0.009770790478989128,310,67,31
132,007540939_00097,f49,3,False,21948,85,0.003872790231456169,85,16,11
132,007540939_00097,f49,3,True,21948,284,0.012939675596865319,284,37,12
132,007540939_00111,f47,3,False,4185,60,0.014336917562724014,58,13,34
132,007540939_00111,f55,3,False,27598,511,0.018515834480759476,420,78,75
132,007540939_00111,f56,3,False,23901,1006,0.04209028910924229,724,56,483
132,007540939_00111,f47,3,True,4185,90,0.021505376344086023,77,18,53
132,007540939_00111,f55,3,True,27598,889,0.0322124791651569,673,135,75
132,007540939_00111,f56,3,True,23901,1591,0.06656625245805615,880,110,514
132,007540939_00126,f47,3,False,4544,2,0.00044014084507042255,2,1,2
132,007540939_00126,f50,3,False,16277,919,0.056460035633101924,499,40,147
132,007540939_00126,f51,3,False,17062,997,0.05843394678232329,291,67,255
132,007540939_00126,f52,3,False,2438,2,0.0008203445447087777,0,1,2
132,007540939_00126,f53,3,False,31376,953,0.03037353391126976,683,102,236
132,007540939_00126,f54,3,False,20481,183,0.008935110590303209,73,104,5
132,007540939_00126,f55,3,False,27598,584,0.021160953692296543,116,188,194
132,007540939_00126,f56,3,False,25095,951,0.03789599521817095,321,304,19
132,007540939_00126,f47,3,True,4544,31,0.006822183098591549,31,11,5
132,007540939_00126,f50,3,True,16277,1157,0.07108189469804017,573,39,159
132,007540939_00126,f51,3,True,17062,1040,0.060954167155081465,230,63,255
132,007540939_00126,f52,3,True,2438,2,0.0008203445447087777,0,1,2
132,007540939_00126,f53,3,True,31376,1656,0.05277919428862825,864,116,519
132,007540939_00126,f54,3,True,20481,188,0.009179239294956301,26,106,5
132,007540939_00126,f55,3,True,27598,609,0.02206681643597362,43,193,194
132,007540939_00126,f56,3,True,25095,990,0.03945008965929468,142,319,19
132,007540939_00183,f47,3,False,4256,20,0.004699248120300752,17,14,3
132,007540939_00183,f47,3,True,4256,27,0.006343984962406015,19,20,3
132,007540939_00212,f48,3,False,14578,1,6.859651529702291e-05,1,1,1
132,007540939_00212,f49,3,False,15855,6,0.0003784295175023652,5,2,5
132,007540939_00212,f50,3,False,3074,0,0.0,0,0,0
132,007540939_00212,f53,3,False,13534,223,0.016477020836412,186,34,17
132,007540939_00212,f54,3,False,13371,93,0.006955351133049136,93,32,8
132,007540939_00212,f55,3,False,13676,409,0.02990640538169055,384,85,14
132,007540939_00212,f48,3,True,14578,13,0.0008917546988612979,12,11,2
132,007540939_00212,f49,3,True,15855,41,0.002585935036266162,40,23,6
132,007540939_00212,f50,3,True,3074,0,0.0,0,0,0
132,007540939_00212,f53,3,True,13534,373,0.027560218708438007,303,51,23
132,007540939_00212,f54,3,True,13371,263,0.019669433849375514,236,58,13
132,007540939_00212,f55,3,True,13676,700,0.05118455688797894,357,120,14
132,007540939_00398,f46,3,False,5600,54,0.009642857142857142,52,6,39
132,007540939_00398,f48,3,False,18060,63,0.0034883720930232558,50,35,6
132,007540939_00398,f49,3,False,12258,31,0.0025289606787404144,28,21,4
132,007540939_00398,f50,3,False,3538,4,0.0011305822498586771,1,4,1
132,007540939_00398,f51,3,False,15255,338,0.022156669944280564,338,43,49
132,007540939_00398,f53,3,False,19706,2931,0.1487364254541764,2829,318,403
132,007540939_00398,f46,3,True,5600,83,0.014821428571428572,34,10,39
132,007540939_00398,f48,3,True,18060,209,0.011572535991140642,196,83,24
132,007540939_00398,f49,3,True,12258,81,0.006607929515418502,72,42,6
132,007540939_00398,f50,3,True,3538,4,0.0011305822498586771,1,4,1
132,007540939_00398,f51,3,True,15255,599,0.03926581448705343,395,38,217
132,007540939_00398,f53,3,True,19706,4896,0.24845224804628033,4071,417,752
132,007540939_00018,f46,6,False,4440,198,0.0445945945945946,26,13,28
132,007540939_00045,f46,6,False,4177,1152,0.2757960258558774,908,5,639
132,007540939_00045,f48,6,False,16950,13,0.0007669616519174041,13,8,6
132,007540939_00045,f49,6,False,20766,43,0.0020706924780891844,29,22,9
132,007540939_00045,f50,6,False,3192,1,0.0003132832080200501,0,1,1
132,007540939_00045,f51,6,False,37447,204,0.005447699415173445,90,151,5
132,007540939_00045,f52,6,False,37062,103,0.0027791268684906373,101,55,7
132,007540939_00045,f53,6,False,30324,65,0.0021435166864529746,61,44,3
132,007540939_00045,f54,6,False,20777,196,0.009433508206189536,196,48,17
132,007540939_00054,f46,6,False,4403,0,0.0,0,0,0
132,007540939_00093,f46,6,False,5906,93,0.01574669827294277,93,11,32
132,007540939_00093,f54,6,False,40836,33,0.0008081104907434616,28,12,7
132,007540939_00097,f49,6,False,21948,6,0.0002733734281027884,6,2,4
132,007540939_00111,f47,6,False,4185,21,0.005017921146953405,21,6,13
132,007540939_00111,f55,6,False,27598,108,0.003913327052684977,108,17,48
132,007540939_00111,f56,6,False,23901,347,0.01451822099493745,325,19,86
132,007540939_00126,f47,6,False,4544,0,0.0,0,0,0
132,007540939_00126,f50,6,False,16277,481,0.02955090004300547,423,36,131
132,007540939_00126,f51,6,False,17062,819,0.04800140663462665,724,57,255
132,007540939_00126,f52,6,False,2438,2,0.0008203445447087777,0,1,2
132,007540939_00126,f53,6,False,31376,405,0.012907955124936256,356,55,136
132,007540939_00126,f54,6,False,20481,128,0.006249694839119184,72,71,5
132,007540939_00126,f55,6,False,27598,491,0.017791144285817812,269,149,194
132,007540939_00126,f56,6,False,25095,665,0.026499302649930265,253,170,19
132,007540939_00183,f47,6,False,4256,9,0.0021146616541353382,9,7,2
132,007540939_00212,f48,6,False,14578,0,0.0,0,0,0
132,007540939_00212,f49,6,False,15855,2,0.0001261431725007884,2,1,2
132,007540939_00212,f50,6,False,3074,0,0.0,0,0,0
132,007540939_00212,f53,6,False,13534,18,0.0013299837446431211,18,3,8
132,007540939_00212,f54,6,False,13371,9,0.0006730984967466906,9,2,5
132,007540939_00212,f55,6,False,13676,60,0.004387247733255338,60,14,12
132,007540939_00398,f46,6,False,5600,20,0.0035714285714285713,20,1,20
132,007540939_00398,f48,6,False,18060,11,0.0006090808416389812,5,5,6
132,007540939_00398,f49,6,False,12258,8,0.0006526350138684941,8,5,3
132,007540939_00398,f50,6,False,3538,3,0.0008479366873940079,0,3,1
132,007540939_00398,f51,6,False,15255,22,0.0014421501147164864,22,14,3
132,007540939_00398,f53,6,False,19706,297,0.015071551811630975,297,53,31
